Series Code;Indicator Name;Compressed Name;Compressed Name
AG.CON.FERT.ZS;Fertilizer consumption (kilograms per hectare of arable land);;fert cons (kg/ha)
AG.LND.AGRI.ZS;Agricultural land (% of land area);;agri land (%)
AG.LND.ARBL.HA.PC;Arable land (hectares per person);;arbl land (ha/per)
AG.LND.ARBL.ZS;Arable land (% of land area);;arbl land (%)
AG.LND.CROP.ZS;Permanent cropland (% of land area);;perm crop (%)
AG.LND.FRST.ZS;Forest area (% of land area);;forest area (%)
AG.LND.PRCP.MM;Average precipitation in depth (mm per year);;precip (mm/yr)
AG.PRD.CROP.XD;Crop production index (2014-2016 = 100);;crop prod index
AG.PRD.FOOD.XD;Food production index (2014-2016 = 100);;food prod index
AG.PRD.LVSK.XD;Livestock production index (2014-2016 = 100);;livestock prod index
AG.YLD.CREL.KG;Cereal yield (kg per hectare);;cereal yield (kg/ha)
BG.GSR.NFSV.GD.ZS;Trade in services (% of GDP);;trade in services (% GDP)
BM.GSR.CMCP.ZS;Communications, computer, etc. (% of service imports, BoP);;comm, comp, etc. (% imports)
BM.GSR.INSF.ZS;Insurance and financial services (% of service imports, BoP);;insurance, fin services (% imports)
BM.GSR.TRAN.ZS;Transport services (% of service imports, BoP);;transport services (% imports)
BM.GSR.TRVL.ZS;Travel services (% of service imports, BoP);;travel services (% imports)
BM.KLT.DINV.WD.GD.ZS;Foreign direct investment, net outflows (% of GDP);;FDI, net outflows (% GDP)
BN.CAB.XOKA.GD.ZS;Current account balance (% of GDP);;current acct balance (% GDP)
BX.GSR.CCIS.ZS;ICT service exports (% of service exports, BoP);;ICT service exports (% exports)
BX.GSR.CMCP.ZS;Communications, computer, etc. (% of service exports, BoP);;comm, comp, etc. (% exports)
BX.GSR.INSF.ZS;Insurance and financial services (% of service exports, BoP);;insurance, fin services (% exports)
BX.GSR.TRAN.ZS;Transport services (% of service exports, BoP);;transport services (% exports)
BX.GSR.TRVL.ZS;Travel services (% of service exports, BoP);;travel services (% exports)
BX.KLT.DINV.WD.GD.ZS;Foreign direct investment, net inflows (% of GDP);;FDI, net inflows (% GDP)
BX.TRF.PWKR.DT.GD.ZS;Personal remittances, received (% of GDP);;personal remittances (% GDP)
DT.DOD.DECT.GN.ZS;External debt stocks (% of GNI);;external debt stocks (% GNI)
DT.DOD.DSTC.IR.ZS;Short-term debt (% of total reserves);;short-term debt (% reserves)
DT.DOD.DSTC.XP.ZS;Short-term debt (% of exports of goods, services and primary income);;short-term debt (% exports)
DT.DOD.DSTC.ZS;Short-term debt (% of total external debt);;short-term debt (% debt)
DT.ODA.ODAT.GI.ZS;Net ODA received (% of gross capital formation);dev help (% GCF);net ODA received (% cap formation)
DT.ODA.ODAT.GN.ZS;Net ODA received (% of GNI);dev help (% GNI);net ODA received (% GNI)
DT.ODA.ODAT.MP.ZS;Net ODA received (% of imports of goods, services and primary income);dev help (% imports);net ODA received (% imports)
DT.ODA.ODAT.PC.ZS;Net ODA received per capita (current US$);;net ODA received per capita (US$)
DT.TDS.DECT.EX.ZS;Total debt service (% of exports of goods, services and primary income);;total debt service (% exports)
DT.TDS.DECT.GN.ZS;Total debt service (% of GNI);;total debt service (% GNI)
DT.TDS.DPPF.XP.ZS;Debt service to exports (%);;debt service to exports (%)
DT.TDS.DPPG.GN.ZS;Public and publicly guaranteed debt service (% of GNI);;pub, pub guaranteed debt service (% GNI)
DT.TDS.DPPG.XP.ZS;Public and publicly guaranteed debt service (% of exports of goods, services and primary income);;pub, pub guaranteed debt service (% exports)
DT.TDS.MLAT.PG.ZS;Multilateral debt service (% of public and publicly guaranteed debt service);;multilateral debt service (% pub debt service)
EG.CFT.ACCS.RU.ZS;Access to clean fuels and technologies for cooking, rural (% of rural population);;access to clean fuels, tech (rural) (% rural pop)
EG.CFT.ACCS.UR.ZS;Access to clean fuels and technologies for cooking, urban (% of urban population);;access to clean fuels, tech (urban) (% urban pop)
EG.CFT.ACCS.ZS;Access to clean fuels and technologies for cooking  (% of population);;access to clean fuels, tech (% pop)
EG.EGY.PRIM.PP.KD;Energy intensity level of primary energy (MJ/$2017 PPP GDP);prim energy (MJ/$2011 PPP GDP);prim energy intensity (MJ/$2011 PPP GDP)
EG.ELC.ACCS.RU.ZS;Access to electricity, rural (% of rural population);;access to electricity (rural) (% rural pop)
EG.ELC.ACCS.UR.ZS;Access to electricity, urban (% of urban population);;access to electricity (urban) (% urban pop)
EG.ELC.ACCS.ZS;Access to electricity (% of population);access to electricity (% pop);access to electricity (% pop)
EG.ELC.COAL.ZS;Electricity production from coal sources (% of total);;elec prod from coal (%)
EG.ELC.FOSL.ZS;Electricity production from oil, gas and coal sources (% of total);;elec prod from fossil fuels (%)
EG.ELC.HYRO.ZS;Electricity production from hydroelectric sources (% of total);;elec prod from hydro (%)
EG.ELC.LOSS.ZS;Electric power transmission and distribution losses (% of output);;elec power losses (% output)
EG.ELC.NGAS.ZS;Electricity production from natural gas sources (% of total);;elec prod from natural gas (%)
EG.ELC.NUCL.ZS;Electricity production from nuclear sources (% of total);;elec prod from nuclear (%)
EG.ELC.PETR.ZS;Electricity production from oil sources (% of total);;elec prod from oil (%)
EG.ELC.RNEW.ZS;Renewable electricity output (% of total electricity output);;renew elec output (%)
EG.ELC.RNWX.ZS;Electricity production from renewable sources, excluding hydroelectric (% of total);;renew elec prod (excl hydro) (%)
EG.FEC.RNEW.ZS;Renewable energy consumption (% of total final energy consumption);;renew energy consumption (%)
EG.GDP.PUSE.KO.PP;GDP per unit of energy use (PPP $ per kg of oil equivalent);GDP/energy (PPP $/oil equiv);GDP/energy (PPP $/oil equiv)
EG.GDP.PUSE.KO.PP.KD;GDP per unit of energy use (constant 2017 PPP $ per kg of oil equivalent);GDP/energy (2011 PPP $/oil equiv);GDP/energy (2011 PPP $/oil equiv)
EG.IMP.CONS.ZS;Energy imports, net (% of energy use);net energy imports (% energy use);net energy imports (%)
EG.USE.COMM.CL.ZS;Alternative and nuclear energy (% of total energy use);;alt, nuclear energy (%)
EG.USE.COMM.FO.ZS;Fossil fuel energy consumption (% of total);;fossil fuel energy consumption (%)
EG.USE.COMM.GD.PP.KD;Energy use (kg of oil equivalent) per $1,000 GDP (constant 2017 PPP);energy use/GDP (oil equiv/2011 PPP);energy use/GDP (oil equiv/2011 PPP)
EG.USE.CRNW.ZS;Combustible renewables and waste (% of total energy);;combustible renewables, waste (%)
EG.USE.ELEC.KH.PC;Electric power consumption (kWh per capita);;elec power consumption (kWh/capita)
EG.USE.PCAP.KG.OE;Energy use (kg of oil equivalent per capita);;energy use (kg/capita)
EN.ATM.CO2E.EG.ZS;CO2 intensity (kg per kg of oil equivalent energy use);;CO2 intensity (kg/energy)
EN.ATM.CO2E.GF.ZS;CO2 emissions from gaseous fuel consumption (% of total);;CO2 emissions from gaseous fuel (%)
EN.ATM.CO2E.KD.GD;CO2 emissions (kg per 2015 US$ of GDP);CO2 (kg/2010 US$ of GDP);CO2 emissions (kg/2010 US$ of GDP)
EN.ATM.CO2E.LF.ZS;CO2 emissions from liquid fuel consumption (% of total);CO2 from liquid fuel (%);CO2 emissions from liquid fuel (%)
EN.ATM.CO2E.PC;CO2 emissions (metric tons per capita);;CO2 emissions (metric tons/capita)
EN.ATM.CO2E.PP.GD;CO2 emissions (kg per PPP $ of GDP);CO2 emissions (kg/PPP $ of GDP);CO2 emissions (kg/PPP $ of GDP)
EN.ATM.CO2E.PP.GD.KD;CO2 emissions (kg per 2017 PPP $ of GDP);CO2 (kg /2011 PPP $ of GDP);CO2 emissions (kg/2011 PPP $ of GDP)
EN.ATM.CO2E.SF.ZS;CO2 emissions from solid fuel consumption (% of total);;CO2 emissions from solid fuel (%)
EN.ATM.GHGO.ZG;Other greenhouse gas emissions (% change from 1990);;other GHG emissions (% change from 1990)
EN.ATM.GHGT.ZG;Total greenhouse gas emissions (% change from 1990);;
EN.ATM.METH.AG.ZS;Agricultural methane emissions (% of total);;
EN.ATM.METH.EG.ZS;Energy related methane emissions (% of total);energy rel methane (%);
EN.ATM.METH.ZG;Methane emissions (% change from 1990);;
EN.ATM.NOXE.AG.ZS;Agricultural nitrous oxide emissions (% of total);;
EN.ATM.NOXE.EG.ZS;Nitrous oxide emissions in energy sector (% of total);;
EN.ATM.NOXE.ZG;Nitrous oxide emissions (% change from 1990);;
EN.ATM.PM25.MC.M3;PM2.5 air pollution, mean annual exposure (micrograms per cubic meter);PM2.5 air pollution (mg/m^3);
EN.ATM.PM25.MC.T1.ZS;PM2.5 pollution, population exposed to levels exceeding WHO Interim Target-1 value (% of total);;
EN.ATM.PM25.MC.T2.ZS;PM2.5 pollution, population exposed to levels exceeding WHO Interim Target-2 value (% of total);;
EN.ATM.PM25.MC.T3.ZS;PM2.5 pollution, population exposed to levels exceeding WHO Interim Target-3 value (% of total);;
EN.ATM.PM25.MC.ZS;PM2.5 air pollution, population exposed to levels exceeding WHO guideline value (% of total);;
EN.CO2.BLDG.ZS;CO2 emissions from residential buildings and commercial and public services (% of total fuel combustion);;
EN.CO2.ETOT.ZS;CO2 emissions from electricity and heat production, total (% of total fuel combustion);;
EN.CO2.MANF.ZS;CO2 emissions from manufacturing industries and construction (% of total fuel combustion);;
EN.CO2.OTHX.ZS;CO2 emissions from other sectors, excluding residential buildings and commercial and public services (% of total fuel combustion);;
EN.CO2.TRAN.ZS;CO2 emissions from transport (% of total fuel combustion);;
EN.POP.DNST;Population density (people per sq. km of land area);;
EN.URB.LCTY.UR.ZS;Population in the largest city (% of urban population);;
EN.URB.MCTY.TL.ZS;Population in urban agglomerations of more than 1 million (% of total population);;
ER.GDP.FWTL.M3.KD;Water productivity, total (constant 2015 US$ GDP per cubic meter of total freshwater withdrawal);;
ER.H2O.FWAG.ZS;Annual freshwater withdrawals, agriculture (% of total freshwater withdrawal);;
ER.H2O.FWDM.ZS;Annual freshwater withdrawals, domestic (% of total freshwater withdrawal);;
ER.H2O.FWIN.ZS;Annual freshwater withdrawals, industry (% of total freshwater withdrawal);;
ER.H2O.FWST.ZS;Level of water stress: freshwater withdrawal as a proportion of available freshwater resources;;
ER.H2O.FWTL.ZS;Annual freshwater withdrawals, total (% of internal resources);;
ER.H2O.INTR.PC;Renewable internal freshwater resources per capita (cubic meters);;
ER.LND.PTLD.ZS;Terrestrial protected areas (% of total land area);;
ER.MRN.PTMR.ZS;Marine protected areas (% of territorial waters);;
ER.PTD.TOTL.ZS;Terrestrial and marine protected areas (% of total territorial area);;
FB.AST.NPER.ZS;Bank nonperforming loans to total gross loans (%);;
FB.ATM.TOTL.P5;Automated teller machines (ATMs) (per 100,000 adults);;
FB.BNK.CAPA.ZS;Bank capital to assets ratio (%);;
FB.CBK.BRCH.P5;Commercial bank branches (per 100,000 adults);;
FD.AST.PRVT.GD.ZS;Domestic credit to private sector by banks (% of GDP);;
FD.RES.LIQU.AS.ZS;Bank liquid reserves to bank assets ratio (%);;
FI.RES.TOTL.DT.ZS;Total reserves (% of total external debt);;
FI.RES.TOTL.MO;Total reserves in months of imports;;
FM.AST.CGOV.ZG.M3;Claims on central government (annual growth as % of broad money);;
FM.AST.DOMO.ZG.M3;Claims on other sectors of the domestic economy (annual growth as % of broad money);;
FM.AST.PRVT.GD.ZS;Monetary Sector credit to private sector (% GDP);;
FM.AST.PRVT.ZG.M3;Claims on private sector (annual growth as % of broad money);;
FM.LBL.BMNY.GD.ZS;Broad money (% of GDP);;
FM.LBL.BMNY.IR.ZS;Broad money to total reserves ratio;;
FM.LBL.BMNY.ZG;Broad money growth (annual %);;
FP.CPI.TOTL;Consumer price index (2010 = 100);;
FP.CPI.TOTL.ZG;Inflation, consumer prices (annual %);;
FR.INR.DPST;Deposit interest rate (%);;
FR.INR.LEND;Lending interest rate (%);;
FR.INR.LNDP;Interest rate spread (lending rate minus deposit rate, %);;
FR.INR.RINR;Real interest rate (%);;
FS.AST.CGOV.GD.ZS;Claims on central government, etc. (% GDP);;
FS.AST.PRVT.GD.ZS;Domestic credit to private sector (% of GDP);;
GC.LBL.TOTL.GD.ZS;Net incurrence of liabilities, total (% of GDP);;
GC.NFN.TOTL.GD.ZS;Net investment in nonfinancial assets (% of GDP);;
GC.NLD.TOTL.GD.ZS;Net lending (+) / net borrowing (-) (% of GDP);;
GC.REV.GOTR.ZS;Grants and other revenue (% of revenue);grants other (% revenue);
GC.REV.SOCL.ZS;Social contributions (% of revenue);;
GC.REV.XGRT.GD.ZS;Revenue, excluding grants (% of GDP);;
GC.TAX.EXPT.ZS;Taxes on exports (% of tax revenue);;
GC.TAX.GSRV.RV.ZS;Taxes on goods and services (% of revenue);;
GC.TAX.GSRV.VA.ZS;Taxes on goods and services (% value added of industry and services);;
GC.TAX.IMPT.ZS;Customs and other import duties (% of tax revenue);;
GC.TAX.INTT.RV.ZS;Taxes on international trade (% of revenue);;
GC.TAX.OTHR.RV.ZS;Other taxes (% of revenue);;
GC.TAX.TOTL.GD.ZS;Tax revenue (% of GDP);;
GC.TAX.YPKG.RV.ZS;Taxes on income, profits and capital gains (% of revenue);;
GC.TAX.YPKG.ZS;Taxes on income, profits and capital gains (% of total taxes);;
GC.XPN.COMP.ZS;Compensation of employees (% of expense);employee compensation (% expense);
GC.XPN.GSRV.ZS;Goods and services expense (% of expense);;
GC.XPN.INTP.RV.ZS;Interest payments (% of revenue);;
GC.XPN.INTP.ZS;Interest payments (% of expense);;
GC.XPN.OTHR.ZS;Other expense (% of expense);;
GC.XPN.TOTL.GD.ZS;Expense (% of GDP);;
GC.XPN.TRFT.ZS;Subsidies and other transfers (% of expense);;
GF.XPD.BUDG.ZS;Primary government expenditures as a proportion of original approved budget (%);;
IC.BUS.DFRN.XQ;Ease of doing business score (0 = lowest performance to 100 = best performance);;
IC.BUS.DISC.XQ;Business extent of disclosure index (0=less disclosure to 10=more disclosure);;
IC.BUS.NDNS.ZS;New business density (new registrations per 1,000 people ages 15-64);;
IC.CRD.INFO.XQ;Depth of credit information index (0=low to 8=high);;
IC.CRD.PRVT.ZS;Private credit bureau coverage (% of adults);;
IC.CRD.PUBL.ZS;Public credit registry coverage (% of adults);;
IC.ELC.TIME;Time required to get electricity (days);;
IC.EXP.CSBC.CD;Cost to export, border compliance (US$);;
IC.EXP.CSDC.CD;Cost to export, documentary compliance (US$);;
IC.EXP.TMBC;Time to export, border compliance (hours);;
IC.EXP.TMDC;Time to export, documentary compliance (hours);;
IC.IMP.CSBC.CD;Cost to import, border compliance (US$);cost to import border compliance (US$);
IC.IMP.CSDC.CD;Cost to import, documentary compliance (US$);;
IC.IMP.TMBC;Time to import, border compliance (hours);;
IC.IMP.TMDC;Time to import, documentary compliance (hours);;
IC.ISV.DURS;Time to resolve insolvency (years);;
IC.LGL.CRED.XQ;Strength of legal rights index (0=weak to 12=strong);;
IC.LGL.DURS;Time required to enforce a contract (days);;
IC.PRP.DURS;Time required to register property (days);;
IC.PRP.PROC;Procedures to register property (number);;
IC.REG.COST.PC.FE.ZS;Cost of business start-up procedures, female (% of GNI per capita);;
IC.REG.COST.PC.MA.ZS;Cost of business start-up procedures, male (% of GNI per capita);;
IC.REG.COST.PC.ZS;Cost of business start-up procedures (% of GNI per capita);;
IC.REG.DURS;Time required to start a business (days);;
IC.REG.DURS.FE;Time required to start a business, female (days);;
IC.REG.DURS.MA;Time required to start a business, male (days);;
IC.REG.PROC;Start-up procedures to register a business (number);;
IC.REG.PROC.FE;Start-up procedures to register a business, female (number);;
IC.REG.PROC.MA;Start-up procedures to register a business, male (number);;
IC.TAX.DURS;Time to prepare and pay taxes (hours);;
IC.TAX.LABR.CP.ZS;Labor tax and contributions (% of commercial profits);;
IC.TAX.OTHR.CP.ZS;Other taxes payable by businesses (% of commercial profits);;
IC.TAX.PAYM;Tax payments (number);;
IC.TAX.PRFT.CP.ZS;Profit tax (% of commercial profits);;
IC.TAX.TOTL.CP.ZS;Total tax and contribution rate (% of profit);;
IC.WRH.DURS;Time required to build a warehouse (days);;
IC.WRH.PROC;Procedures to build a warehouse (number);;
IQ.SCI.MTHD;Methodology assessment of statistical capacity (scale 0 - 100);;
IQ.SCI.OVRL;Statistical Capacity Score (Overall Average) (scale 0 - 100);;
IQ.SCI.PRDC;Periodicity and timeliness assessment of statistical capacity (scale 0 - 100);;
IQ.SCI.SRCE;Source data assessment of statistical capacity (scale 0 - 100);;
IQ.SPI.OVRL;Statistical performance indicators (SPI): Overall score (scale 0-100);;
IQ.SPI.PIL1;Statistical performance indicators (SPI): Pillar 1 data use score (scale 0-100);;
IQ.SPI.PIL2;Statistical performance indicators (SPI): Pillar 2 data services score (scale 0-100);;
IQ.SPI.PIL3;Statistical performance indicators (SPI): Pillar 3 data products score  (scale 0-100);;
IQ.SPI.PIL4;Statistical performance indicators (SPI): Pillar 4 data sources score (scale 0-100);;
IQ.SPI.PIL5;Statistical performance indicators (SPI): Pillar 5 data infrastructure score (scale 0-100);;
IS.SHP.GCNW.XQ;Liner shipping connectivity index (maximum value in 2004 = 100);;
IT.CEL.SETS.P2;Mobile cellular subscriptions (per 100 people);;
IT.MLT.MAIN.P2;Fixed telephone subscriptions (per 100 people);fixed phone (/100 people);
IT.NET.BBND.P2;Fixed broadband subscriptions (per 100 people);;
IT.NET.SECR.P6;Secure Internet servers (per 1 million people);;
IT.NET.USER.ZS;Individuals using the Internet (% of population);;
MS.MIL.TOTL.TF.ZS;Armed forces personnel (% of total labor force);;
MS.MIL.XPND.CD;Military expenditure (current USD);;
MS.MIL.XPND.GD.ZS;Military expenditure (% of GDP);;
MS.MIL.XPND.ZS;Military expenditure (% of general government expenditure);;
NE.CON.GOVT.KD.ZG;General government final consumption expenditure (annual % growth);;
NE.CON.GOVT.ZS;General government final consumption expenditure (% of GDP);;
NE.CON.PRVT.KD.ZG;Household and NPISHs Final consumption expenditure (annual % growth);;
NE.CON.PRVT.PC.KD;Households and NPISHs final consumption expenditure per capita (constant 2015 US$);;
NE.CON.PRVT.PC.KD.ZG;Household final consumption expenditure per capita growth (annual %);;
NE.CON.PRVT.ZS;Households and NPISHs final consumption expenditure (% of GDP);;
NE.CON.TOTL.KD.ZG;Final consumption expenditure (annual % growth);;
NE.CON.TOTL.ZS;Final consumption expenditure (% of GDP);;
NE.DAB.DEFL.ZS;Gross national expenditure deflator (base year varies by country);;
NE.DAB.TOTL.ZS;Gross national expenditure (% of GDP);;
NE.EXP.GNFS.KD.ZG;Exports of goods and services (annual % growth);;
NE.EXP.GNFS.ZS;Exports of goods and services (% of GDP);;
NE.GDI.FTOT.KD.ZG;Gross fixed capital formation (annual % growth);;
NE.GDI.FTOT.ZS;Gross fixed capital formation (% of GDP);;
NE.GDI.TOTL.KD.ZG;Gross capital formation (annual % growth);;
NE.GDI.TOTL.ZS;Gross capital formation (% of GDP);;
NE.IMP.GNFS.KD.ZG;Imports of goods and services (annual % growth);;
NE.IMP.GNFS.ZS;Imports of goods and services (% of GDP);;
NE.RSB.GNFS.ZS;External balance on goods and services (% of GDP);;
NE.TRD.GNFS.ZS;Trade (% of GDP);;
NV.AGR.EMPL.KD;Agriculture, forestry, and fishing, value added per worker (constant 2015 US$);;
NV.AGR.TOTL.KD.ZG;Agriculture, forestry, and fishing, value added (annual % growth);;
NV.AGR.TOTL.ZS;Agriculture, forestry, and fishing, value added (% of GDP);;
NV.IND.EMPL.KD;Industry (including construction), value added per worker (constant 2015 US$);;
NV.IND.MANF.KD.ZG;Manufacturing, value added (annual % growth);;
NV.IND.MANF.ZS;Manufacturing, value added (% of GDP);;
NV.IND.TOTL.KD.ZG;Industry (including construction), value added (annual % growth);;
NV.IND.TOTL.ZS;Industry (including construction), value added (% of GDP);industry value added (% GDP);
NV.MNF.CHEM.ZS.UN;Chemicals (% of value added in manufacturing);;
NV.MNF.FBTO.ZS.UN;Food, beverages and tobacco (% of value added in manufacturing);;
NV.MNF.MTRN.ZS.UN;Machinery and transport equipment (% of value added in manufacturing);;
NV.MNF.OTHR.ZS.UN;Other manufacturing (% of value added in manufacturing);;
NV.MNF.TECH.ZS.UN;Medium and high-tech manufacturing value added (% manufacturing value added);;
NV.MNF.TXTL.ZS.UN;Textiles and clothing (% of value added in manufacturing);;
NV.SRV.EMPL.KD;Services, value added per worker (constant 2015 US$);;
NV.SRV.TOTL.KD.ZG;Services, value added (annual % growth);;
NV.SRV.TOTL.ZS;Services, value added (% of GDP);;
NY.ADJ.AEDU.GN.ZS;Adjusted savings: education expenditure (% of GNI);;
NY.ADJ.DCO2.GN.ZS;Adjusted savings: carbon dioxide damage (% of GNI);CO2 damage (% GNI);
NY.ADJ.DFOR.GN.ZS;Adjusted savings: net forest depletion (% of GNI);;
NY.ADJ.DKAP.GN.ZS;Adjusted savings: consumption of fixed capital (% of GNI);;
NY.ADJ.DMIN.GN.ZS;Adjusted savings: mineral depletion (% of GNI);;
NY.ADJ.DNGY.GN.ZS;Adjusted savings: energy depletion (% of GNI);;
NY.ADJ.DPEM.GN.ZS;Adjusted savings: particulate emission damage (% of GNI);;
NY.ADJ.DRES.GN.ZS;Adjusted savings: natural resources depletion (% of GNI);;
NY.ADJ.ICTR.GN.ZS;Adjusted savings: gross savings (% of GNI);;
NY.ADJ.NNAT.GN.ZS;Adjusted savings: net national savings (% of GNI);;
NY.ADJ.NNTY.KD.ZG;Adjusted net national income (annual % growth);;
NY.ADJ.NNTY.PC.KD.ZG;Adjusted net national income per capita (annual % growth);;
NY.ADJ.SVNG.GN.ZS;Adjusted net savings, including particulate emission damage (% of GNI);;
NY.ADJ.SVNX.GN.ZS;Adjusted net savings, excluding particulate emission damage (% of GNI);;
NY.GDP.COAL.RT.ZS;Coal rents (% of GDP);;
NY.GDP.DEFL.KD.ZG;Inflation, GDP deflator (annual %);;
NY.GDP.DEFL.KD.ZG.AD;Inflation, GDP deflator: linked series (annual %);;
NY.GDP.DEFL.ZS;GDP deflator (base year varies by country);;
NY.GDP.DEFL.ZS.AD;GDP deflator: linked series (base year varies by country);;
NY.GDP.FRST.RT.ZS;Forest rents (% of GDP);;
NY.GDP.MINR.RT.ZS;Mineral rents (% of GDP);;
NY.GDP.MKTP.KD.ZG;GDP growth (annual %);;
NY.GDP.NGAS.RT.ZS;Natural gas rents (% of GDP);;
NY.GDP.PCAP.CD;GDP per capita (current US$);;
NY.GDP.PCAP.KD;GDP per capita (constant 2015 US$);;
NY.GDP.PCAP.KD.ZG;GDP per capita growth (annual %);;
NY.GDP.PCAP.PP.CD;GDP per capita, PPP (current international $);;
NY.GDP.PCAP.PP.KD;GDP per capita, PPP (constant 2017 international $);;
NY.GDP.PETR.RT.ZS;Oil rents (% of GDP);oil rents (% GDP);
NY.GDP.TOTL.RT.ZS;Total natural resources rents (% of GDP);;
NY.GDS.TOTL.ZS;Gross domestic savings (% of GDP);;
NY.GNP.MKTP.KD.ZG;GNI growth (annual %);;
NY.GNP.PCAP.CD;GNI per capita, Atlas method (current US$);;
NY.GNP.PCAP.KD;GNI per capita (constant 2015 US$);;
NY.GNP.PCAP.KD.ZG;GNI per capita growth (annual %);;
NY.GNP.PCAP.PP.CD;GNI per capita, PPP (current international $);;
NY.GNP.PCAP.PP.KD;GNI per capita, PPP (constant 2017 international $);;
NY.GNS.ICTR.GN.ZS;Gross savings (% of GNI);;
NY.GNS.ICTR.ZS;Gross savings (% of GDP);;
PA.NUS.PPPC.RF;Price level ratio of PPP conversion factor (GDP) to market exchange rate;;
SE.COM.DURS;Compulsory education, duration (years);;
SE.ENR.PRIM.FM.ZS;School enrollment, primary (gross), gender parity index (GPI);;
SE.ENR.PRSC.FM.ZS;School enrollment, primary and secondary (gross), gender parity index (GPI);;
SE.ENR.SECO.FM.ZS;School enrollment, secondary (gross), gender parity index (GPI);;
SE.ENR.TERT.FM.ZS;School enrollment, tertiary (gross), gender parity index (GPI);;
SE.PRE.DURS;Preprimary education, duration (years);preprimary education, duration (y);
SE.PRE.ENRL.TC.ZS;Pupil-teacher ratio, preprimary;;
SE.PRE.ENRR;School enrollment, preprimary (% gross);;
SE.PRE.ENRR.FE;School enrollment, preprimary, female (% gross);;
SE.PRE.ENRR.MA;School enrollment, preprimary, male (% gross);;
SE.PRM.AGES;Primary school starting age (years);;
SE.PRM.CMPT.FE.ZS;Primary completion rate, female (% of relevant age group);;
SE.PRM.CMPT.MA.ZS;Primary completion rate, male (% of relevant age group);;
SE.PRM.CMPT.ZS;Primary completion rate, total (% of relevant age group);;
SE.PRM.DURS;Primary education, duration (years);primary education, duration (y);
SE.PRM.ENRL.FE.ZS;Primary education, pupils (% female);;
SE.PRM.ENRL.TC.ZS;Pupil-teacher ratio, primary;;
SE.PRM.ENRR;School enrollment, primary (% gross);;
SE.PRM.ENRR.FE;School enrollment, primary, female (% gross);;
SE.PRM.ENRR.MA;School enrollment, primary, male (% gross);;
SE.PRM.GINT.FE.ZS;Gross intake ratio in first grade of primary education, female (% of relevant age group);;
SE.PRM.GINT.MA.ZS;Gross intake ratio in first grade of primary education, male (% of relevant age group);;
SE.PRM.GINT.ZS;Gross intake ratio in first grade of primary education, total (% of relevant age group);;
SE.PRM.NENR;School enrollment, primary (% net);;
SE.PRM.OENR.FE.ZS;Over-age students, primary, female (% of female enrollment);;
SE.PRM.OENR.MA.ZS;Over-age students, primary, male (% of male enrollment);;
SE.PRM.OENR.ZS;Over-age students, primary (% of enrollment);;
SE.PRM.PRIV.ZS;School enrollment, primary, private (% of total primary);;
SE.PRM.PRSL.FE.ZS;Persistence to last grade of primary, female (% of cohort);;
SE.PRM.PRSL.MA.ZS;Persistence to last grade of primary, male (% of cohort);;
SE.PRM.PRSL.ZS;Persistence to last grade of primary, total (% of cohort);;
SE.PRM.REPT.FE.ZS;Repeaters, primary, female (% of female enrollment);;
SE.PRM.REPT.MA.ZS;Repeaters, primary, male (% of male enrollment);;
SE.PRM.REPT.ZS;Repeaters, primary, total (% of total enrollment);;
SE.PRM.TCHR.FE.ZS;Primary education, teachers (% female);;
SE.PRM.TENR;Adjusted net enrollment rate, primary (% of primary school age children);;
SE.PRM.UNER.ZS;Children out of school (% of primary school age);;
SE.SEC.AGES;Lower secondary school starting age (years);;
SE.SEC.CMPT.LO.FE.ZS;Lower secondary completion rate, female (% of relevant age group);;
SE.SEC.CMPT.LO.MA.ZS;Lower secondary completion rate, male (% of relevant age group);;
SE.SEC.CMPT.LO.ZS;Lower secondary completion rate, total (% of relevant age group);;
SE.SEC.DURS;Secondary education, duration (years);;
SE.SEC.ENRL.FE.ZS;Secondary education, pupils (% female);secondary education, pupils (% f);
SE.SEC.ENRL.GC.FE.ZS;Secondary education, general pupils (% female);;
SE.SEC.ENRL.TC.ZS;Pupil-teacher ratio, secondary;;
SE.SEC.ENRL.VO.FE.ZS;Secondary education, vocational pupils (% female);;
SE.SEC.ENRR;School enrollment, secondary (% gross);secondary school (% gross);
SE.SEC.ENRR.FE;School enrollment, secondary, female (% gross);secondary school f (% gross);
SE.SEC.ENRR.MA;School enrollment, secondary, male (% gross);secondary school m (% gross);
SE.SEC.NENR;School enrollment, secondary (% net);secondary school (% net);
SE.SEC.NENR.FE;School enrollment, secondary, female (% net);secondary school f (% net);
SE.SEC.NENR.MA;School enrollment, secondary, male (% net);secondary school m (% net);
SE.SEC.PRIV.ZS;School enrollment, secondary, private (% of total secondary);;
SE.SEC.PROG.FE.ZS;Progression to secondary school, female (%);;
SE.SEC.PROG.MA.ZS;Progression to secondary school, male (%);;
SE.SEC.PROG.ZS;Progression to secondary school (%);;
SE.SEC.TCHR.FE.ZS;Secondary education, teachers (% female);;
SE.SEC.UNER.LO.ZS;Adolescents out of school (% of lower secondary school age);;
SE.TER.ENRL.TC.ZS;Pupil-teacher ratio, tertiary;;
SE.TER.ENRR;School enrollment, tertiary (% gross);;
SE.TER.ENRR.FE;School enrollment, tertiary, female (% gross);;
SE.TER.ENRR.MA;School enrollment, tertiary, male (% gross);;
SE.XPD.PRIM.PC.ZS;Government expenditure per student, primary (% of GDP per capita);;
SE.XPD.SECO.ZS;Expenditure on secondary education (% of government expenditure on education);;
SE.XPD.TERT.ZS;Expenditure on tertiary education (% of government expenditure on education);;
SE.XPD.TOTL.GB.ZS;Government expenditure on education, total (% of government expenditure);;
SE.XPD.TOTL.GD.ZS;Government expenditure on education, total (% of GDP);;
SG.GEN.PARL.ZS;Proportion of seats held by women in national parliaments (%);;
SG.LAW.INDX;Women Business and the Law Index Score (scale 1-100);;
SH.ANM.ALLW.ZS;Prevalence of anemia among women of reproductive age (% of women ages 15-49);;
SH.ANM.CHLD.ZS;Prevalence of anemia among children (% of children ages 6-59 months);anemia in children (% children 5-);
SH.ANM.NPRG.ZS;Prevalence of anemia among non-pregnant women (% of women ages 15-49);;
SH.DYN.0509;Probability of dying among children ages 5-9 years (per 1,000);;
SH.DYN.1014;Probability of dying among adolescents ages 10-14 years (per 1,000);;
SH.DYN.1519;Probability of dying among adolescents ages 15-19 years (per 1,000);;
SH.DYN.2024;Probability of dying among youth ages 20-24 years (per 1,000);;
SH.DYN.AIDS.FE.ZS;Women's share of population ages 15+ living with HIV (%);;
SH.DYN.AIDS.ZS;Prevalence of HIV, total (% of population ages 15-49);;
SH.DYN.MORT;Mortality rate, under-5 (per 1,000 live births);;
SH.DYN.MORT.FE;Mortality rate, under-5, female (per 1,000 live births);;
SH.DYN.MORT.MA;Mortality rate, under-5, male (per 1,000 live births);;
SH.DYN.NCOM.FE.ZS;Mortality from CVD, cancer, diabetes or CRD between exact ages 30 and 70, female (%);;
SH.DYN.NCOM.MA.ZS;Mortality from CVD, cancer, diabetes or CRD between exact ages 30 and 70, male (%);;
SH.DYN.NCOM.ZS;Mortality from CVD, cancer, diabetes or CRD between exact ages 30 and 70 (%);;
SH.DYN.NMRT;Mortality rate, neonatal (per 1,000 live births);;
SH.H2O.BASW.RU.ZS;People using at least basic drinking water services, rural (% of rural population);;
SH.H2O.BASW.UR.ZS;People using at least basic drinking water services, urban (% of urban population);;
SH.H2O.BASW.ZS;People using at least basic drinking water services (% of population);;
SH.H2O.SMDW.ZS;People using safely managed drinking water services (% of population);;
SH.HIV.1524.FE.ZS;Prevalence of HIV, female (% ages 15-24);;
SH.HIV.1524.MA.ZS;Prevalence of HIV, male (% ages 15-24);;
SH.HIV.ARTC.ZS;Antiretroviral therapy coverage (% of people living with HIV);;
SH.HIV.INCD.TL.P3;Incidence of HIV, all (per 1,000 uninfected population);;
SH.HIV.INCD.YG.P3;Incidence of HIV, ages 15-24 (per 1,000 uninfected population ages 15-24);;
SH.HIV.INCD.ZS;Incidence of HIV, ages 15-49 (per 1,000 uninfected population ages 15-49);;
SH.IMM.HEPB;Immunization, HepB3 (% of one-year-old children);;
SH.IMM.IDPT;Immunization, DPT (% of children ages 12-23 months);;
SH.IMM.MEAS;Immunization, measles (% of children ages 12-23 months);;
SH.MED.BEDS.ZS;Hospital beds (per 1,000 people);hospital beds (/1,000 people);
SH.MED.NUMW.P3;Nurses and midwives (per 1,000 people);;
SH.MED.PHYS.ZS;Physicians (per 1,000 people);;
SH.MLR.INCD.P3;Incidence of malaria (per 1,000 population at risk);;
SH.MMR.RISK;Lifetime risk of maternal death (1 in: rate varies by country);;
SH.MMR.RISK.ZS;Lifetime risk of maternal death (%);;
SH.PRG.ANEM;Prevalence of anemia among pregnant women (%);;
SH.PRV.SMOK;Prevalence of current tobacco use (% of adults);;
SH.PRV.SMOK.FE;Prevalence of current tobacco use, females (% of female adults);;
SH.PRV.SMOK.MA;Prevalence of current tobacco use, males (% of male adults);;
SH.SGR.CRSK.ZS;Risk of catastrophic expenditure for surgical care (% of people at risk);;
SH.SGR.IRSK.ZS;Risk of impoverishing expenditure for surgical care (% of people at risk);;
SH.STA.BASS.RU.ZS;People using at least basic sanitation services, rural (% of rural population);;
SH.STA.BASS.UR.ZS;People using at least basic sanitation services, urban (% of urban population);;
SH.STA.BASS.ZS;People using at least basic sanitation services (% of population);basic sanitation services (% pop);
SH.STA.BRTC.ZS;Births attended by skilled health staff (% of total);;
SH.STA.BRTW.ZS;Low-birthweight babies (% of births);;
SH.STA.MMRT;Maternal mortality ratio (modeled estimate, per 100,000 live births);;
SH.STA.MMRT.NE;Maternal mortality ratio (national estimate, per 100,000 live births);;
SH.STA.ODFC.RU.ZS;People practicing open defecation, rural (% of rural population);;
SH.STA.ODFC.UR.ZS;People practicing open defecation, urban (% of urban population);;
SH.STA.ODFC.ZS;People practicing open defecation (% of population);;
SH.STA.OWGH.ME.ZS;Prevalence of overweight (modeled estimate, % of children under 5);;
SH.STA.POIS.P5;Mortality rate attributed to unintentional poisoning (per 100,000 population);;
SH.STA.POIS.P5.FE;Mortality rate attributed to unintentional poisoning, female (per 100,000 female population);;
SH.STA.POIS.P5.MA;Mortality rate attributed to unintentional poisoning, male (per 100,000 male population);;
SH.STA.SMSS.UR.ZS;People using safely managed sanitation services, urban (% of urban population);;
SH.STA.SMSS.ZS;People using safely managed sanitation services (% of population);;
SH.STA.STNT.ME.ZS;Prevalence of stunting, height for age (modeled estimate, % of children under 5);;
SH.STA.SUIC.FE.P5;Suicide mortality rate, female (per 100,000 female population);;
SH.STA.SUIC.MA.P5;Suicide mortality rate, male (per 100,000 male population);;
SH.STA.SUIC.P5;Suicide mortality rate (per 100,000 population);;
SH.STA.TRAF.P5;Mortality caused by road traffic injury (per 100,000 population);;
SH.TBS.CURE.ZS;Tuberculosis treatment success rate (% of new cases);;
SH.TBS.DTEC.ZS;Tuberculosis case detection rate (%, all forms);;
SH.TBS.INCD;Incidence of tuberculosis (per 100,000 people);;
SH.VAC.TTNS.ZS;Newborns protected against tetanus (%);;
SH.XPD.CHEX.GD.ZS;Current health expenditure (% of GDP);;
SH.XPD.CHEX.PC.CD;Current health expenditure per capita (current US$);;
SH.XPD.CHEX.PP.CD;Current health expenditure per capita, PPP (current international $);;
SH.XPD.EHEX.CH.ZS;External health expenditure (% of current health expenditure);;
SH.XPD.EHEX.PC.CD;External health expenditure per capita (current US$);;
SH.XPD.EHEX.PP.CD;External health expenditure per capita, PPP (current international $);;
SH.XPD.GHED.CH.ZS;Domestic general government health expenditure (% of current health expenditure);;
SH.XPD.GHED.GD.ZS;Domestic general government health expenditure (% of GDP);;
SH.XPD.GHED.GE.ZS;Domestic general government health expenditure (% of general government expenditure);;
SH.XPD.GHED.PC.CD;Domestic general government health expenditure per capita (current US$);;
SH.XPD.GHED.PP.CD;Domestic general government health expenditure per capita, PPP (current international $);;
SH.XPD.OOPC.CH.ZS;Out-of-pocket expenditure (% of current health expenditure);;
SH.XPD.OOPC.PC.CD;Out-of-pocket expenditure per capita (current US$);;
SH.XPD.OOPC.PP.CD;Out-of-pocket expenditure per capita, PPP (current international $);;
SH.XPD.PVTD.CH.ZS;Domestic private health expenditure (% of current health expenditure);;
SH.XPD.PVTD.PC.CD;Domestic private health expenditure per capita (current US$);;
SH.XPD.PVTD.PP.CD;Domestic private health expenditure per capita, PPP (current international $);;
SL.AGR.EMPL.FE.ZS;Employment in agriculture, female (% of female employment) (modeled ILO estimate);;
SL.AGR.EMPL.MA.ZS;Employment in agriculture, male (% of male employment) (modeled ILO estimate);;
SL.AGR.EMPL.ZS;Employment in agriculture (% of total employment) (modeled ILO estimate);;
SL.EMP.1524.SP.FE.NE.ZS;Employment to population ratio, ages 15-24, female (%) (national estimate);;
SL.EMP.1524.SP.FE.ZS;Employment to population ratio, ages 15-24, female (%) (modeled ILO estimate);employment/pop 15-24 f (%);
SL.EMP.1524.SP.MA.NE.ZS;Employment to population ratio, ages 15-24, male (%) (national estimate);;
SL.EMP.1524.SP.MA.ZS;Employment to population ratio, ages 15-24, male (%) (modeled ILO estimate);employment/pop 15-24 m (%);
SL.EMP.1524.SP.NE.ZS;Employment to population ratio, ages 15-24, total (%) (national estimate);;
SL.EMP.1524.SP.ZS;Employment to population ratio, ages 15-24, total (%) (modeled ILO estimate);employment/pop 15-24 (%);
SL.EMP.MPYR.FE.ZS;Employers, female (% of female employment) (modeled ILO estimate);;
SL.EMP.MPYR.MA.ZS;Employers, male (% of male employment) (modeled ILO estimate);;
SL.EMP.MPYR.ZS;Employers, total (% of total employment) (modeled ILO estimate);;
SL.EMP.SELF.FE.ZS;Self-employed, female (% of female employment) (modeled ILO estimate);;
SL.EMP.SELF.MA.ZS;Self-employed, male (% of male employment) (modeled ILO estimate);;
SL.EMP.SELF.ZS;Self-employed, total (% of total employment) (modeled ILO estimate);;
SL.EMP.TOTL.SP.FE.NE.ZS;Employment to population ratio, 15+, female (%) (national estimate);;
SL.EMP.TOTL.SP.FE.ZS;Employment to population ratio, 15+, female (%) (modeled ILO estimate);employment/pop 15+ f (%);
SL.EMP.TOTL.SP.MA.NE.ZS;Employment to population ratio, 15+, male (%) (national estimate);;
SL.EMP.TOTL.SP.MA.ZS;Employment to population ratio, 15+, male (%) (modeled ILO estimate);employment/pop 15+ m (%);
SL.EMP.TOTL.SP.NE.ZS;Employment to population ratio, 15+, total (%) (national estimate);;
SL.EMP.TOTL.SP.ZS;Employment to population ratio, 15+, total (%) (modeled ILO estimate);employment/pop 15+ (%);
SL.EMP.VULN.FE.ZS;Vulnerable employment, female (% of female employment) (modeled ILO estimate);;
SL.EMP.VULN.MA.ZS;Vulnerable employment, male (% of male employment) (modeled ILO estimate);;
SL.EMP.VULN.ZS;Vulnerable employment, total (% of total employment) (modeled ILO estimate);;
SL.EMP.WORK.FE.ZS;Wage and salaried workers, female (% of female employment) (modeled ILO estimate);;
SL.EMP.WORK.MA.ZS;Wage and salaried workers, male (% of male employment) (modeled ILO estimate);;
SL.EMP.WORK.ZS;Wage and salaried workers, total (% of total employment) (modeled ILO estimate);;
SL.FAM.WORK.FE.ZS;Contributing family workers, female (% of female employment) (modeled ILO estimate);;
SL.FAM.WORK.MA.ZS;Contributing family workers, male (% of male employment) (modeled ILO estimate);;
SL.FAM.WORK.ZS;Contributing family workers, total (% of total employment) (modeled ILO estimate);;
SL.GDP.PCAP.EM.KD;GDP per person employed (constant 2017 PPP $);;
SL.IND.EMPL.FE.ZS;Employment in industry, female (% of female employment) (modeled ILO estimate);;
SL.IND.EMPL.MA.ZS;Employment in industry, male (% of male employment) (modeled ILO estimate);;
SL.IND.EMPL.ZS;Employment in industry (% of total employment) (modeled ILO estimate);;
SL.SRV.EMPL.FE.ZS;Employment in services, female (% of female employment) (modeled ILO estimate);;
SL.SRV.EMPL.MA.ZS;Employment in services, male (% of male employment) (modeled ILO estimate);;
SL.SRV.EMPL.ZS;Employment in services (% of total employment) (modeled ILO estimate);;
SL.TLF.ACTI.1524.FE.NE.ZS;Labor force participation rate for ages 15-24, female (%) (national estimate);;
SL.TLF.ACTI.1524.FE.ZS;Labor force participation rate for ages 15-24, female (%) (modeled ILO estimate);labor force 15-24 f (%);
SL.TLF.ACTI.1524.MA.NE.ZS;Labor force participation rate for ages 15-24, male (%) (national estimate);;
SL.TLF.ACTI.1524.MA.ZS;Labor force participation rate for ages 15-24, male (%) (modeled ILO estimate);labor force 15-24 m (%);
SL.TLF.ACTI.1524.NE.ZS;Labor force participation rate for ages 15-24, total (%) (national estimate);;
SL.TLF.ACTI.1524.ZS;Labor force participation rate for ages 15-24, total (%) (modeled ILO estimate);labor force 15-24 (%);
SL.TLF.ACTI.FE.ZS;Labor force participation rate, female (% of female population ages 15-64) (modeled ILO estimate);labor force f (% f pop 15-64) ;
SL.TLF.ACTI.MA.ZS;Labor force participation rate, male (% of male population ages 15-64) (modeled ILO estimate);labor force m (% m pop 15-64) ;
SL.TLF.ACTI.ZS;Labor force participation rate, total (% of total population ages 15-64) (modeled ILO estimate);labor force (% pop 15-64) ;
SL.TLF.ADVN.FE.ZS;Labor force with advanced education, female (% of female working-age population with advanced education);;
SL.TLF.ADVN.MA.ZS;Labor force with advanced education, male (% of male working-age population with advanced education);;
SL.TLF.ADVN.ZS;Labor force with advanced education (% of total working-age population with advanced education);;
SL.TLF.BASC.FE.ZS;Labor force with basic education, female (% of female working-age population with basic education);;
SL.TLF.BASC.MA.ZS;Labor force with basic education, male (% of male working-age population with basic education);;
SL.TLF.BASC.ZS;Labor force with basic education (% of total working-age population with basic education);;
SL.TLF.CACT.FE.NE.ZS;Labor force participation rate, female (% of female population ages 15+) (national estimate);;
SL.TLF.CACT.FE.ZS;Labor force participation rate, female (% of female population ages 15+) (modeled ILO estimate);labor force f (% f pop 15+) ;
SL.TLF.CACT.FM.NE.ZS;Ratio of female to male labor force participation rate (%) (national estimate);;
SL.TLF.CACT.FM.ZS;Ratio of female to male labor force participation rate (%) (modeled ILO estimate);ratio of f to m labor force (%) ;
SL.TLF.CACT.MA.NE.ZS;Labor force participation rate, male (% of male population ages 15+) (national estimate);;
SL.TLF.CACT.MA.ZS;Labor force participation rate, male (% of male population ages 15+) (modeled ILO estimate);labor force m (% m pop 15+) ;
SL.TLF.CACT.NE.ZS;Labor force participation rate, total (% of total population ages 15+) (national estimate);;
SL.TLF.CACT.ZS;Labor force participation rate, total (% of total population ages 15+) (modeled ILO estimate);labor force (% pop 15+) ;
SL.TLF.INTM.FE.ZS;Labor force with intermediate education, female (% of female working-age population with intermediate education);;
SL.TLF.INTM.MA.ZS;Labor force with intermediate education, male (% of male working-age population with intermediate education);;
SL.TLF.INTM.ZS;Labor force with intermediate education (% of total working-age population with intermediate education);;
SL.TLF.TOTL.FE.ZS;Labor force, female (% of total labor force);labor force f (% labor force);
SL.UEM.1524.FE.NE.ZS;Unemployment, youth female (% of female labor force ages 15-24) (national estimate);;
SL.UEM.1524.FE.ZS;Unemployment, youth female (% of female labor force ages 15-24) (modeled ILO estimate);;
SL.UEM.1524.MA.NE.ZS;Unemployment, youth male (% of male labor force ages 15-24) (national estimate);;
SL.UEM.1524.MA.ZS;Unemployment, youth male (% of male labor force ages 15-24) (modeled ILO estimate);;
SL.UEM.1524.NE.ZS;Unemployment, youth total (% of total labor force ages 15-24) (national estimate);;
SL.UEM.1524.ZS;Unemployment, youth total (% of total labor force ages 15-24) (modeled ILO estimate);;
SL.UEM.ADVN.FE.ZS;Unemployment with advanced education, female (% of female labor force with advanced education);;
SL.UEM.ADVN.MA.ZS;Unemployment with advanced education, male (% of male labor force with advanced education);;
SL.UEM.ADVN.ZS;Unemployment with advanced education (% of total labor force with advanced education);;
SL.UEM.BASC.FE.ZS;Unemployment with basic education, female (% of female labor force with basic education);;
SL.UEM.BASC.MA.ZS;Unemployment with basic education, male (% of male labor force with basic education);;
SL.UEM.BASC.ZS;Unemployment with basic education (% of total labor force with basic education);;
SL.UEM.INTM.FE.ZS;Unemployment with intermediate education, female (% of female labor force with intermediate education);;
SL.UEM.INTM.MA.ZS;Unemployment with intermediate education, male (% of male labor force with intermediate education);;
SL.UEM.INTM.ZS;Unemployment with intermediate education (% of total labor force with intermediate education);;
SL.UEM.NEET.FE.ZS;Share of youth not in education, employment or training, female (% of female youth population);;
SL.UEM.NEET.MA.ZS;Share of youth not in education, employment or training, male (% of male youth population);;
SL.UEM.NEET.ZS;Share of youth not in education, employment or training, total (% of youth population);;
SL.UEM.TOTL.FE.NE.ZS;Unemployment, female (% of female labor force) (national estimate);;
SL.UEM.TOTL.FE.ZS;Unemployment, female (% of female labor force) (modeled ILO estimate);unemployment f (% f labor force) ;
SL.UEM.TOTL.MA.NE.ZS;Unemployment, male (% of male labor force) (national estimate);;
SL.UEM.TOTL.MA.ZS;Unemployment, male (% of male labor force) (modeled ILO estimate);unemployment m (% m labor force) ;
SL.UEM.TOTL.NE.ZS;Unemployment, total (% of total labor force) (national estimate);;
SL.UEM.TOTL.ZS;Unemployment, total (% of total labor force) (modeled ILO estimate);unemployment (% labor force) ;
SN.ITK.DEFC.ZS;Prevalence of undernourishment (% of population);;
SN.ITK.MSFI.ZS;Prevalence of moderate or severe food insecurity in the population (%);;
SN.ITK.SVFI.ZS;Prevalence of severe food insecurity in the population (%);;
SP.ADO.TFRT;Adolescent fertility rate (births per 1,000 women ages 15-19);;
SP.DYN.AMRT.FE;Mortality rate, adult, female (per 1,000 female adults);;
SP.DYN.AMRT.MA;Mortality rate, adult, male (per 1,000 male adults);;
SP.DYN.CBRT.IN;Birth rate, crude (per 1,000 people);birth rate, crude (/1,000 people);
SP.DYN.CDRT.IN;Death rate, crude (per 1,000 people);death rate, crude (/1,000 people);
SP.DYN.IMRT.FE.IN;Mortality rate, infant, female (per 1,000 live births);infant mort f (/1,000 live births);
SP.DYN.IMRT.IN;Mortality rate, infant (per 1,000 live births);infant mort (/1,000 live births);
SP.DYN.IMRT.MA.IN;Mortality rate, infant, male (per 1,000 live births);infant mort m (/1,000 live births);
SP.DYN.LE00.FE.IN;Life expectancy at birth, female (years);life expectancy at birth f (y);
SP.DYN.LE00.IN;Life expectancy at birth, total (years);life expectancy at birth (y);
SP.DYN.LE00.MA.IN;Life expectancy at birth, male (years);;
SP.DYN.TFRT.IN;Fertility rate, total (births per woman);fertility rate (births /woman);
SP.DYN.TO65.FE.ZS;Survival to age 65, female (% of cohort);survival to age 65, f (% cohort);
SP.DYN.TO65.MA.ZS;Survival to age 65, male (% of cohort);;
SP.POP.0004.FE.5Y;Population ages 00-04, female (% of female population);pop 0-4 f (% f pop);
SP.POP.0004.MA.5Y;Population ages 00-04, male (% of male population);pop 0-4 m (% m pop);
SP.POP.0014.FE.ZS;Population ages 0-14, female (% of female population);pop 0-14 f (% );
SP.POP.0014.MA.ZS;Population ages 0-14, male (% of male population);pop 0-14 m (% );
SP.POP.0014.TO.ZS;Population ages 0-14 (% of total population);pop 0-14 (% );
SP.POP.0509.FE.5Y;Population ages 05-09, female (% of female population);pop 5-9 f (% f pop);
SP.POP.0509.MA.5Y;Population ages 05-09, male (% of male population);pop 5-9 m (% m pop);
SP.POP.1014.FE.5Y;Population ages 10-14, female (% of female population);pop 10-14 f (% f pop);
SP.POP.1014.MA.5Y;Population ages 10-14, male (% of male population);pop 10-14 m (% m pop);
SP.POP.1519.FE.5Y;Population ages 15-19, female (% of female population);pop 15-19 f (% f pop);
SP.POP.1519.MA.5Y;Population ages 15-19, male (% of male population);;
SP.POP.1564.FE.ZS;Population ages 15-64, female (% of female population);;
SP.POP.1564.MA.ZS;Population ages 15-64, male (% of male population);pop 15-64 m (% );
SP.POP.1564.TO.ZS;Population ages 15-64 (% of total population);pop 15-64 (% );
SP.POP.2024.FE.5Y;Population ages 20-24, female (% of female population);pop 20-24 f (% f pop);
SP.POP.2024.MA.5Y;Population ages 20-24, male (% of male population);;
SP.POP.2529.FE.5Y;Population ages 25-29, female (% of female population);pop 25-29 f (% f pop);
SP.POP.2529.MA.5Y;Population ages 25-29, male (% of male population);pop 25-29 m (% m pop);
SP.POP.3034.FE.5Y;Population ages 30-34, female (% of female population);;
SP.POP.3034.MA.5Y;Population ages 30-34, male (% of male population);;
SP.POP.3539.FE.5Y;Population ages 35-39, female (% of female population);;
SP.POP.3539.MA.5Y;Population ages 35-39, male (% of male population);;
SP.POP.4044.FE.5Y;Population ages 40-44, female (% of female population);;
SP.POP.4044.MA.5Y;Population ages 40-44, male (% of male population);pop 40-44 m (% m pop);
SP.POP.4549.FE.5Y;Population ages 45-49, female (% of female population);pop 45-49 f (% f pop);
SP.POP.4549.MA.5Y;Population ages 45-49, male (% of male population);pop 45-49 m (% m pop);
SP.POP.5054.FE.5Y;Population ages 50-54, female (% of female population);;
SP.POP.5054.MA.5Y;Population ages 50-54, male (% of male population);pop 50-54 m (% m pop);
SP.POP.5559.FE.5Y;Population ages 55-59, female (% of female population);;
SP.POP.5559.MA.5Y;Population ages 55-59, male (% of male population);;
SP.POP.6064.FE.5Y;Population ages 60-64, female (% of female population);pop 60-64 f (% f pop);
SP.POP.6064.MA.5Y;Population ages 60-64, male (% of male population);;
SP.POP.6569.FE.5Y;Population ages 65-69, female (% of female population);pop 65-69 f (% f pop);
SP.POP.6569.MA.5Y;Population ages 65-69, male (% of male population);;
SP.POP.65UP.FE.ZS;Population ages 65 and above, female (% of female population);pop 65+ f (%);
SP.POP.65UP.MA.ZS;Population ages 65 and above, male (% of male population);pop 65+ m (%);
SP.POP.65UP.TO.ZS;Population ages 65 and above (% of total population);pop 65+ (%);
SP.POP.7074.FE.5Y;Population ages 70-74, female (% of female population);pop 70-74 f (% f pop);
SP.POP.7074.MA.5Y;Population ages 70-74, male (% of male population);;
SP.POP.7579.FE.5Y;Population ages 75-79, female (% of female population);;
SP.POP.7579.MA.5Y;Population ages 75-79, male (% of male population);;
SP.POP.80UP.FE.5Y;Population ages 80 and above, female (% of female population);pop 80+ f (% f pop);
SP.POP.80UP.MA.5Y;Population ages 80 and above, male (% of male population);;
SP.POP.BRTH.MF;Sex ratio at birth (male births per female births);;
SP.POP.DPND;Age dependency ratio (% of working-age population);dependent pop (% working-age pop);
SP.POP.DPND.OL;Age dependency ratio, old (% of working-age population);;
SP.POP.DPND.YG;Age dependency ratio, young (% of working-age population);dependent young (% working-age pop);
SP.POP.GROW;Population growth (annual %);;
SP.POP.TOTL.FE.ZS;Population, female (% of total population);pop f (%);
SP.POP.TOTL.MA.ZS;Population, male (% of total population);pop m (%);
SP.RUR.TOTL.ZG;Rural population growth (annual %);;
SP.RUR.TOTL.ZS;Rural population (% of total population);;
SP.URB.GROW;Urban population growth (annual %);;
SP.URB.TOTL.IN.ZS;Urban population (% of total population);;
ST.INT.RCPT.XP.ZS;International tourism, receipts (% of total exports);international tourism, receipts (% exports);
ST.INT.XPND.MP.ZS;International tourism, expenditures (% of total imports);;
TG.VAL.TOTL.GD.ZS;Merchandise trade (% of GDP);;
TM.QTY.MRCH.XD.WD;Import volume index (2000 = 100);;
TM.TAX.MANF.BC.ZS;Binding coverage, manufactured products (%);;
TM.TAX.MANF.BR.ZS;Bound rate, simple mean, manufactured products (%);;
TM.TAX.MANF.IP.ZS;Share of tariff lines with international peaks, manufactured products (%);;
TM.TAX.MANF.SM.AR.ZS;Tariff rate, applied, simple mean, manufactured products (%);;
TM.TAX.MANF.SM.FN.ZS;Tariff rate, most favored nation, simple mean, manufactured products (%);;
TM.TAX.MANF.SR.ZS;Share of tariff lines with specific rates, manufactured products (%);;
TM.TAX.MANF.WM.AR.ZS;Tariff rate, applied, weighted mean, manufactured products (%);;
TM.TAX.MANF.WM.FN.ZS;Tariff rate, most favored nation, weighted mean, manufactured products (%);;
TM.TAX.MRCH.BC.ZS;Binding coverage, all products (%);;
TM.TAX.MRCH.BR.ZS;Bound rate, simple mean, all products (%);;
TM.TAX.MRCH.IP.ZS;Share of tariff lines with international peaks, all products (%);;
TM.TAX.MRCH.SM.AR.ZS;Tariff rate, applied, simple mean, all products (%);;
TM.TAX.MRCH.SM.FN.ZS;Tariff rate, most favored nation, simple mean, all products (%);;
TM.TAX.MRCH.SR.ZS;Share of tariff lines with specific rates, all products (%);;
TM.TAX.MRCH.WM.AR.ZS;Tariff rate, applied, weighted mean, all products (%);;
TM.TAX.MRCH.WM.FN.ZS;Tariff rate, most favored nation, weighted mean, all products (%);;
TM.TAX.TCOM.BC.ZS;Binding coverage, primary products (%);;
TM.TAX.TCOM.BR.ZS;Bound rate, simple mean, primary products (%);;
TM.TAX.TCOM.IP.ZS;Share of tariff lines with international peaks, primary products (%);;
TM.TAX.TCOM.SM.AR.ZS;Tariff rate, applied, simple mean, primary products (%);;
TM.TAX.TCOM.SM.FN.ZS;Tariff rate, most favored nation, simple mean, primary products (%);;
TM.TAX.TCOM.SR.ZS;Share of tariff lines with specific rates, primary products (%);specific rate tariffs, primary products (%);
TM.TAX.TCOM.WM.AR.ZS;Tariff rate, applied, weighted mean, primary products (%);;
TM.TAX.TCOM.WM.FN.ZS;Tariff rate, most favored nation, weighted mean, primary products (%);;
TM.UVI.MRCH.XD.WD;Import unit value index (2015 = 100);;
TM.VAL.AGRI.ZS.UN;Agricultural raw materials imports (% of merchandise imports);;
TM.VAL.FOOD.ZS.UN;Food imports (% of merchandise imports);;
TM.VAL.FUEL.ZS.UN;Fuel imports (% of merchandise imports);;
TM.VAL.ICTG.ZS.UN;ICT goods imports (% total goods imports);;
TM.VAL.INSF.ZS.WT;Insurance and financial services (% of commercial service imports);;
TM.VAL.MANF.ZS.UN;Manufactures imports (% of merchandise imports);;
TM.VAL.MMTL.ZS.UN;Ores and metals imports (% of merchandise imports);ore/metals imports (% merch imports);
TM.VAL.MRCH.AL.ZS;Merchandise imports from economies in the Arab World (% of total merchandise imports);;
TM.VAL.MRCH.HI.ZS;Merchandise imports from high-income economies (% of total merchandise imports);;
TM.VAL.MRCH.OR.ZS;Merchandise imports from low- and middle-income economies outside region (% of total merchandise imports);;
TM.VAL.MRCH.R1.ZS;Merchandise imports from low- and middle-income economies in East Asia & Pacific (% of total merchandise imports);;
TM.VAL.MRCH.R2.ZS;Merchandise imports from low- and middle-income economies in Europe & Central Asia (% of total merchandise imports);;
TM.VAL.MRCH.R3.ZS;Merchandise imports from low- and middle-income economies in Latin America & the Caribbean (% of total merchandise imports);;
TM.VAL.MRCH.R4.ZS;Merchandise imports from low- and middle-income economies in Middle East & North Africa (% of total merchandise imports);;
TM.VAL.MRCH.R5.ZS;Merchandise imports from low- and middle-income economies in South Asia (% of total merchandise imports);;
TM.VAL.MRCH.R6.ZS;Merchandise imports from low- and middle-income economies in Sub-Saharan Africa (% of total merchandise imports);;
TM.VAL.MRCH.RS.ZS;Merchandise imports by the reporting economy, residual (% of total merchandise imports);;
TM.VAL.MRCH.WR.ZS;Merchandise imports from low- and middle-income economies within region (% of total merchandise imports);;
TM.VAL.MRCH.XD.WD;Import value index (2000 = 100);;
TM.VAL.OTHR.ZS.WT;Computer, communications and other services (% of commercial service imports);;
TM.VAL.TRAN.ZS.WT;Transport services (% of commercial service imports);;
TM.VAL.TRVL.ZS.WT;Travel services (% of commercial service imports);;
TT.PRI.MRCH.XD.WD;Net barter terms of trade index (2000 = 100);;
TX.MNF.TECH.ZS.UN;Medium and high-tech exports (% manufactured exports);;
TX.QTY.MRCH.XD.WD;Export volume index (2000 = 100);;
TX.UVI.MRCH.XD.WD;Export unit value index (2015 = 100);;
TX.VAL.AGRI.ZS.UN;Agricultural raw materials exports (% of merchandise exports);;
TX.VAL.FOOD.ZS.UN;Food exports (% of merchandise exports);food exports (% merch exports);
TX.VAL.FUEL.ZS.UN;Fuel exports (% of merchandise exports);;
TX.VAL.ICTG.ZS.UN;ICT goods exports (% of total goods exports);;
TX.VAL.INSF.ZS.WT;Insurance and financial services (% of commercial service exports);;
TX.VAL.MANF.ZS.UN;Manufactures exports (% of merchandise exports);;
TX.VAL.MMTL.ZS.UN;Ores and metals exports (% of merchandise exports);;
TX.VAL.MRCH.AL.ZS;Merchandise exports to economies in the Arab World (% of total merchandise exports);;
TX.VAL.MRCH.HI.ZS;Merchandise exports to high-income economies (% of total merchandise exports);;
TX.VAL.MRCH.OR.ZS;Merchandise exports to low- and middle-income economies outside region (% of total merchandise exports);;
TX.VAL.MRCH.R1.ZS;Merchandise exports to low- and middle-income economies in East Asia & Pacific (% of total merchandise exports);;
TX.VAL.MRCH.R2.ZS;Merchandise exports to low- and middle-income economies in Europe & Central Asia (% of total merchandise exports);;
TX.VAL.MRCH.R3.ZS;Merchandise exports to low- and middle-income economies in Latin America & the Caribbean (% of total merchandise exports);;
TX.VAL.MRCH.R4.ZS;Merchandise exports to low- and middle-income economies in Middle East & North Africa (% of total merchandise exports);;
TX.VAL.MRCH.R5.ZS;Merchandise exports to low- and middle-income economies in South Asia (% of total merchandise exports);;
TX.VAL.MRCH.R6.ZS;Merchandise exports to low- and middle-income economies in Sub-Saharan Africa (% of total merchandise exports);;
TX.VAL.MRCH.RS.ZS;Merchandise exports by the reporting economy, residual (% of total merchandise exports);;
TX.VAL.MRCH.WR.ZS;Merchandise exports to low- and middle-income economies within region (% of total merchandise exports);;
TX.VAL.MRCH.XD.WD;Export value index (2000 = 100);;
TX.VAL.OTHR.ZS.WT;Computer, communications and other services (% of commercial service exports);;
TX.VAL.TECH.MF.ZS;High-technology exports (% of manufactured exports);;
TX.VAL.TRAN.ZS.WT;Transport services (% of commercial service exports);;
TX.VAL.TRVL.ZS.WT;Travel services (% of commercial service exports);;
VC.IHR.PSRC.FE.P5;Intentional homicides, female (per 100,000 female);;
VC.IHR.PSRC.MA.P5;Intentional homicides, male (per 100,000 male);;
VC.IHR.PSRC.P5;Intentional homicides (per 100,000 people);homicides (/100,000 people);
