country,Economy,Region,Income group,Lending category,Other (EMU or HIPC),incomegroup,Country,availability,pscore_mean,pscore_cat,iso3_code,identifier2016,identifier2020,P_mort_2020,P_mort_2021
Afghanistan,Afghanistan,South Asia,Low income,IDA,HIPC,Low income,Afghanistan,No data,8.7,5 to <10,AFG,AFG_2016,AFG_2020,7.5894429529676,9.8203125
Angola,Angola,Sub-Saharan Africa,Lower middle income,IBRD,,Lower middle income,Angola,No data,4.9,0 to <5,AGO,AGO_2016,AGO_2020,2.32925419366097,7.5539317720626
Albania,Albania,Europe & Central Asia,Upper middle income,IBRD,,Upper middle income,Albania,Full or partial data,18.1,10 to <20,ALB,ALB_2016,ALB_2020,16.5541846291066,19.6132977111852
Andorra,Andorra,Europe & Central Asia,High income,,,High income,Andorra,Full or partial data,29.3,20 to <30,AND,AND_2016,AND_2020,36.7670364500792,22.2222222222222
United Arab Emirates,United Arab Emirates,Middle East & North Africa,High income,,,High income,United Arab Emirates,No data,5.2,5 to <10,ARE,ARE_2016,ARE_2020,4.22907087904584,6.07703652294613
Argentina,Argentina,Latin America & Caribbean,Upper middle income,IBRD,,Upper middle income,Argentina,Mixed data,12.2,10 to <20,ARG,ARG_2016,ARG_2020,8.79751719696423,15.572188964325
Armenia,Armenia,Europe & Central Asia,Upper middle income,IBRD,,Upper middle income,Armenia,Full or partial data,39.1,30 to <40,ARM,ARM_2016,ARM_2020,38.9768574908648,39.1403896364732
Antigua and Barbuda,Antigua and Barbuda,Latin America & Caribbean,High income,IBRD,,High income,Antigua and Barbuda,Full or partial data,-2.2,<0,ATG,ATG_2016,ATG_2020,-8.33333333333333,3.85185185185185
Australia,Australia,East Asia & Pacific,High income,,,High income,Australia,Full or partial data,-4.1,<0,AUS,AUS_2016,AUS_2020,-4.50384733039979,-3.76474749549303
Austria,Austria,Europe & Central Asia,High income,,EMU,High income,Austria,Full or partial data,6.8,5 to <10,AUT,AUT_2016,AUT_2020,7.51659171162052,6.15821075778464
Azerbaijan,Azerbaijan,Europe & Central Asia,Upper middle income,IBRD,,Upper middle income,Azerbaijan,Full or partial data,34.6,30 to <40,AZE,AZE_2016,AZE_2020,33.4084384198859,35.6782640320039
Burundi,Burundi,Sub-Saharan Africa,Low income,IDA,HIPC,Low income,Burundi,No data,6,5 to <10,BDI,BDI_2016,BDI_2020,5.30487488991349,6.75070172276157
Belgium,Belgium,Europe & Central Asia,High income,,EMU,High income,Belgium,Full or partial data,7.7,5 to <10,BEL,BEL_2016,BEL_2020,14.7000225221323,0.814242814242814
Benin,Benin,Sub-Saharan Africa,Lower middle income,IDA,HIPC,Lower middle income,Benin,No data,6.3,5 to <10,BEN,BEN_2016,BEN_2020,4.18497749497228,8.39063046265004
Burkina Faso,Burkina Faso,Sub-Saharan Africa,Low income,IDA,HIPC,Low income,Burkina Faso,No data,7.3,5 to <10,BFA,BFA_2016,BFA_2020,4.72227891268425,9.86396572489092
Bangladesh,Bangladesh,South Asia,Lower middle income,IDA,,Lower middle income,Bangladesh,No data,8.6,5 to <10,BGD,BGD_2016,BGD_2020,5.6860846539936,11.4941203736848
Bulgaria,Bulgaria,Europe & Central Asia,Upper middle income,IBRD,,Upper middle income,Bulgaria,Full or partial data,26.7,20 to <30,BGR,BGR_2016,BGR_2020,15.6346691864451,37.747230277344
Bahrain,Bahrain,Middle East & North Africa,High income,,,High income,Bahrain,No data,6.4,5 to <10,BHR,BHR_2016,BHR_2020,4.90686961746445,7.81395348837209
Bahamas,"Bahamas, The",Latin America & Caribbean,High income,,,High income,Bahamas,No data,18.3,10 to <20,BHS,BHS_2016,BHS_2020,12.3890532544379,23.9841783531104
Bosnia and Herzegovina,Bosnia and Herzegovina,Europe & Central Asia,Upper middle income,IBRD,,Upper middle income,Bosnia and Herzegovina,Full or partial data,20.4,20 to <30,BIH,BIH_2016,BIH_2020,13.7638395654899,26.8480690665228
Belarus,Belarus,Europe & Central Asia,Upper middle income,IBRD,,Upper middle income,Belarus,Full or partial data,20.3,20 to <30,BLR,BLR_2016,BLR_2020,19.8255707913979,20.671533088357
Belize,Belize,Latin America & Caribbean,Upper middle income,IBRD,,Upper middle income,Belize,Full or partial data,16.9,10 to <20,BLZ,BLZ_2016,BLZ_2020,5.94010800196367,27.5779376498801
Bolivia (Plurinational State of),Bolivia,Latin America & Caribbean,Lower middle income,IBRD,HIPC,Lower middle income,Bolivia (Plurinational State of),Full or partial data,48.8,40 to <50,BOL,BOL_2016,BOL_2020,40.8487317413518,56.6210995217092
Brazil,Brazil,Latin America & Caribbean,Upper middle income,IBRD,,Upper middle income,Brazil,Full or partial data,24.2,20 to <30,BRA,BRA_2016,BRA_2020,15.0866726876906,33.056884359401
Barbados,Barbados,Latin America & Caribbean,High income,,,High income,Barbados,Full or partial data,-5.1,<0,BRB,BRB_2016,BRB_2020,-7.50577367205543,-2.72931907709623
Brunei Darussalam,Brunei Darussalam,East Asia & Pacific,High income,,,High income,Brunei Darussalam,Full or partial data,-2.3,<0,BRN,BRN_2016,BRN_2020,-5.19148936170213,0.48721071863581
Bhutan,Bhutan,South Asia,Lower middle income,IDA,,Lower middle income,Bhutan,No data,-4.2,<0,BTN,BTN_2016,BTN_2020,-4.53172205438067,-3.88267566997257
Botswana,Botswana,Sub-Saharan Africa,Upper middle income,IBRD,,Upper middle income,Botswana,No data,17.8,10 to <20,BWA,BWA_2016,BWA_2020,1.11228813559322,34.4125676517075
Central African Republic,Central African Republic,Sub-Saharan Africa,Low income,IDA,HIPC,Low income,Central African Republic,No data,5.7,5 to <10,CAF,CAF_2016,CAF_2020,4.27390620195699,7.21063675697759
Canada,Canada,North America,High income,,,High income,Canada,Full or partial data,3.8,0 to <5,CAN,CAN_2016,CAN_2020,5.78217017997688,1.77047687335823
Switzerland,Switzerland,Europe & Central Asia,High income,,,High income,Switzerland,Full or partial data,5.9,5 to <10,CHE,CHE_2016,CHE_2020,10.7570460221192,0.998418347172796
Chile,Chile,Latin America & Caribbean,High income,IBRD,,High income,Chile,Full or partial data,17.2,10 to <20,CHL,CHL_2016,CHL_2020,13.0596847754989,21.2442534303278
China,China,East Asia & Pacific,Upper middle income,IBRD,,Upper middle income,China,Mixed data,-0.3,<0,CHN,CHN_2016,CHN_2020,-0.750798440963682,0.231865507332542
Côte d'Ivoire,Côte d’Ivoire,Sub-Saharan Africa,Lower middle income,IDA,HIPC,Lower middle income,Côte d'Ivoire,No data,6.6,5 to <10,CIV,CIV_2016,CIV_2020,4.09215902558765,9.17555557881735
Cameroon,Cameroon,Sub-Saharan Africa,Lower middle income,Blend,HIPC,Lower middle income,Cameroon,No data,9.2,5 to <10,CMR,CMR_2016,CMR_2020,6.25719848980203,12.1578508976421
Democratic Republic of the Congo,"Congo, Dem. Rep.",Sub-Saharan Africa,Low income,IDA,HIPC,Low income,Democratic Republic of the Congo,No data,8.1,5 to <10,COD,COD_2016,COD_2020,5.15200434179448,11.1266442142721
Congo,"Congo, Rep.",Sub-Saharan Africa,Lower middle income,Blend,HIPC,Lower middle income,Congo,No data,6.4,5 to <10,COG,COG_2016,COG_2020,3.81036145945639,8.9695945945946
Cook Islands,,,,,,,Cook Islands,No data,-10.8,<0,COK,COK_2016,COK_2020,-11.3095238095238,-8.33333333333333
Colombia,Colombia,Latin America & Caribbean,Upper middle income,IBRD,,Upper middle income,Colombia,Full or partial data,32.9,30 to <40,COL,COL_2016,COL_2020,21.8294588668548,43.6429233286675
Comoros,Comoros,Sub-Saharan Africa,Lower middle income,IDA,HIPC,Lower middle income,Comoros,No data,7.1,5 to <10,COM,COM_2016,COM_2020,3.12561819980218,11.1899133175729
Cabo Verde,Cabo Verde,Sub-Saharan Africa,Lower middle income,Blend,,Lower middle income,Cabo Verde,Full or partial data,15.2,10 to <20,CPV,CPV_2016,CPV_2020,10.9364548494983,19.2110327132777
Costa Rica,Costa Rica,Latin America & Caribbean,Upper middle income,IBRD,,Upper middle income,Costa Rica,Full or partial data,19.2,10 to <20,CRI,CRI_2016,CRI_2020,5.46032512473845,32.6543477404358
Cuba,Cuba,Latin America & Caribbean,Upper middle income,,,Upper middle income,Cuba,Full or partial data,7.8,5 to <10,CUB,CUB_2016,CUB_2020,-0.205310105625497,15.6011466567154
Cyprus,Cyprus,Europe & Central Asia,High income,,EMU,High income,Cyprus,Full or partial data,7.4,5 to <10,CYP,CYP_2016,CYP_2020,2.81938325991189,11.9823788546256
Czechia,Czech Republic,Europe & Central Asia,High income,,,High income,Czechia,Full or partial data,15.9,10 to <20,CZE,CZE_2016,CZE_2020,11.6070889048108,20.1689293164176
Germany,Germany,Europe & Central Asia,High income,,EMU,High income,Germany,Full or partial data,6.5,5 to <10,DEU,DEU_2016,DEU_2020,7.26635430140456,14.4145420526279
Djibouti,Djibouti,Middle East & North Africa,Lower middle income,IDA,,Lower middle income,Djibouti,No data,12.2,10 to <20,DJI,DJI_2016,DJI_2020,9.71396987702086,14.6314631463146
Dominica,Dominica,Latin America & Caribbean,Upper middle income,Blend,,Upper middle income,Dominica,No data,1,0 to <5,DMA,DMA_2016,DMA_2020,-7.45672436750999,9.22266139657444
Denmark,Denmark,Europe & Central Asia,High income,,,High income,Denmark,Full or partial data,3.4,0 to <5,DNK,DNK_2016,DNK_2020,0.828119249171881,6.03730336247851
Dominican Republic,Dominican Republic,Latin America & Caribbean,Upper middle income,IBRD,,Upper middle income,Dominican Republic,Full or partial data,8,5 to <10,DOM,DOM_2016,DOM_2020,1.45366117265604,14.4063725882636
Algeria,Algeria,Middle East & North Africa,Lower middle income,IBRD,,Lower middle income,Algeria,Full or partial data,16.5,10 to <20,DZA,DZA_2016,DZA_2020,26.8375058251541,6.4425888636993
Ecuador,Ecuador,Latin America & Caribbean,Upper middle income,IBRD,,Upper middle income,Ecuador,Full or partial data,50.6,>=50,ECU,ECU_2016,ECU_2020,57.9168746879681,43.1731636436517
Egypt,"Egypt, Arab Rep.",Middle East & North Africa,Lower middle income,IBRD,,Lower middle income,Egypt,Full or partial data,21.5,20 to <30,EGY,EGY_2016,EGY_2020,15.6611236527756,27.2010530338415
Eritrea,Eritrea,Sub-Saharan Africa,Low income,IDA,HIPC,Low income,Eritrea,No data,4.4,0 to <5,ERI,ERI_2016,ERI_2020,1.06463878326996,7.7141711911963
Spain,Spain,Europe & Central Asia,High income,,EMU,High income,Spain,Full or partial data,11.9,10 to <20,ESP,ESP_2016,ESP_2020,16.7322181134094,7.18027742032981
Estonia,Estonia,Europe & Central Asia,High income,,EMU,High income,Estonia,Full or partial data,10.8,10 to <20,EST,EST_2016,EST_2020,1.92740122068744,19.7305965362412
Ethiopia,Ethiopia,Sub-Saharan Africa,Low income,IDA,HIPC,Low income,Ethiopia,No data,8.3,5 to <10,ETH,ETH_2016,ETH_2020,4.37654395011392,12.1997304405102
Finland,Finland,Europe & Central Asia,High income,,EMU,High income,Finland,Full or partial data,2.5,0 to <5,FIN,FIN_2016,FIN_2020,1.33150577638535,3.71445664414414
Fiji,Fiji,East Asia & Pacific,Upper middle income,Blend,,Upper middle income,Fiji,No data,-0.8,<0,FJI,FJI_2016,FJI_2020,-10.7649896623019,8.95703863820589
France,France,Europe & Central Asia,High income,,EMU,High income,France,Full or partial data,6.7,5 to <10,FRA,FRA_2016,FRA_2020,8.12062206692933,5.3514450261094
Micronesia (Federated States of),"Micronesia, Fed. Sts.",East Asia & Pacific,Lower middle income,IDA,,Lower middle income,Micronesia (Federated States of),No data,-5.2,<0,FSM,FSM_2016,FSM_2020,-5.93869731800766,-4.39663236669785
Gabon,Gabon,Sub-Saharan Africa,Upper middle income,IBRD,,Upper middle income,Gabon,No data,5.6,5 to <10,GAB,GAB_2016,GAB_2020,1.94351230425056,9.2322711108012
The United Kingdom,United Kingdom,Europe & Central Asia,High income,,,High income,The United Kingdom,Full or partial data,12,10 to <20,GBR,GBR_2016,GBR_2020,13.8355763178377,10.229264089382
Georgia,Georgia,Europe & Central Asia,Upper middle income,IBRD,,Upper middle income,Georgia,Full or partial data,23.6,20 to <30,GEO,GEO_2016,GEO_2020,10.6656711274482,36.6306687089207
Ghana,Ghana,Sub-Saharan Africa,Lower middle income,IDA,HIPC,Lower middle income,Ghana,No data,5.5,5 to <10,GHA,GHA_2016,GHA_2020,3.40343926494141,7.62398340730733
Guinea,Guinea,Sub-Saharan Africa,Low income,IDA,HIPC,Low income,Guinea,No data,5.8,5 to <10,GIN,GIN_2016,GIN_2020,3.63883771950125,7.9728552092411
Gambia,"Gambia, The",Sub-Saharan Africa,Low income,IDA,HIPC,Low income,Gambia,No data,10.1,10 to <20,GMB,GMB_2016,GMB_2020,7.01471618780659,13.265519403609
Guinea-Bissau,Guinea-Bissau,Sub-Saharan Africa,Low income,IDA,HIPC,Low income,Guinea-Bissau,No data,8.8,5 to <10,GNB,GNB_2016,GNB_2020,6.80537494581708,10.8240700490592
Equatorial Guinea,Equatorial Guinea,Sub-Saharan Africa,Upper middle income,IBRD,,Upper middle income,Equatorial Guinea,No data,8.2,5 to <10,GNQ,GNQ_2016,GNQ_2020,6.66730621642364,9.66887417218543
Greece,Greece,Europe & Central Asia,High income,,EMU,High income,Greece,Full or partial data,7.5,5 to <10,GRC,GRC_2016,GRC_2020,3.15634978257645,11.8313050582278
Grenada,Grenada,Latin America & Caribbean,Upper middle income,Blend,,Upper middle income,Grenada,Mixed data,-12.9,<0,GRD,GRD_2016,GRD_2020,-24.6601941747573,-1.35004821600771
Guatemala,Guatemala,Latin America & Caribbean,Upper middle income,IBRD,,Upper middle income,Guatemala,Full or partial data,25.1,20 to <30,GTM,GTM_2016,GTM_2020,8.96985104921629,40.9273523636913
Guyana,Guyana,Latin America & Caribbean,Upper middle income,IDA,HIPC,Upper middle income,Guyana,No data,16.5,10 to <20,GUY,GUY_2016,GUY_2020,4.7704662591394,27.8803971369199
Honduras,Honduras,Latin America & Caribbean,Lower middle income,IDA,HIPC,Lower middle income,Honduras,No data,19.9,10 to <20,HND,HND_2016,HND_2020,12.9650065857392,26.6979166666667
Croatia,Croatia,Europe & Central Asia,High income,IBRD,,High income,Croatia,Full or partial data,16.7,10 to <20,HRV,HRV_2016,HRV_2020,10.6321728042042,22.7072027387135
Haiti,Haiti,Latin America & Caribbean,Lower middle income,IDA,HIPC,Lower middle income,Haiti,No data,5.3,5 to <10,HTI,HTI_2016,HTI_2020,3.0125549410107,7.1976690822545
Hungary,Hungary,Europe & Central Asia,High income,,,High income,Hungary,Full or partial data,14,10 to <20,HUN,HUN_2016,HUN_2020,8.51394379412715,19.5595147431016
Indonesia,Indonesia,East Asia & Pacific,Lower middle income,IBRD,,Lower middle income,Indonesia,Mixed data,27.5,20 to <30,IDN,IDN_2016,IDN_2020,19.3477308016791,35.5954848623987
India,India,South Asia,Lower middle income,IBRD,,Lower middle income,India,Mixed data,25.6,20 to <30,IND,IND_2016,IND_2020,9.02996023819985,42.0330468655057
Ireland,Ireland,Europe & Central Asia,High income,,EMU,High income,Ireland,Full or partial data,4.6,0 to <5,IRL,IRL_2016,IRL_2020,1.33075631317132,7.85169371801714
Iran (Islamic Republic of),"Iran, Islamic Rep.",Middle East & North Africa,Lower middle income,IBRD,,Lower middle income,Iran (Islamic Republic of),Full or partial data,28.9,20 to <30,IRN,IRN_2016,IRN_2020,27.5077407981735,30.2045368203042
Iraq,Iraq,Middle East & North Africa,Upper middle income,IBRD,,Upper middle income,Iraq,Full or partial data,20.2,20 to <30,IRQ,IRQ_2016,IRQ_2020,24.7477810243123,15.82537107145
Iceland,Iceland,Europe & Central Asia,High income,,,High income,Iceland,Full or partial data,-0.2,<0,ISL,ISL_2016,ISL_2020,-0.0838926174496644,-0.412881915772089
Israel,Israel,Middle East & North Africa,High income,,,High income,Israel,Full or partial data,6.6,5 to <10,ISR,ISR_2016,ISR_2020,5.25043177892919,7.96861043766748
Italy,Italy,Europe & Central Asia,High income,,EMU,High income,Italy,Full or partial data,12.2,10 to <20,ITA,ITA_2016,ITA_2020,15.3126491355664,9.18079804859948
Jamaica,Jamaica,Latin America & Caribbean,Upper middle income,IBRD,,Upper middle income,Jamaica,Full or partial data,9.1,5 to <10,JAM,JAM_2016,JAM_2020,-4.61467466543609,22.7309521400385
Jordan,Jordan,Middle East & North Africa,Upper middle income,IBRD,,Upper middle income,Jordan,Full or partial data,20.1,20 to <30,JOR,JOR_2016,JOR_2020,12.3747069416602,27.6899949891431
Japan,Japan,East Asia & Pacific,High income,,,High income,Japan,Full or partial data,-0.7,<0,JPN,JPN_2016,JPN_2020,-2.13030358080726,0.740070198804123
Kazakhstan,Kazakhstan,Europe & Central Asia,Upper middle income,IBRD,,Upper middle income,Kazakhstan,Full or partial data,28.8,20 to <30,KAZ,KAZ_2016,KAZ_2020,21.5238066460692,35.9989439143062
Kenya,Kenya,Sub-Saharan Africa,Lower middle income,Blend,,Lower middle income,Kenya,Full or partial data,2.1,0 to <5,KEN,KEN_2016,KEN_2020,-4.22356935996706,8.3142731030055
Kyrgyzstan,Kyrgyz Republic,Europe & Central Asia,Lower middle income,IDA,,Lower middle income,Kyrgyzstan,Full or partial data,18.4,10 to <20,KGZ,KGZ_2016,KGZ_2020,19.9429942994299,16.8998120917469
Cambodia,Cambodia,East Asia & Pacific,Lower middle income,IDA,,Lower middle income,Cambodia,No data,6.3,5 to <10,KHM,KHM_2016,KHM_2020,0.650461125022904,11.9013513107414
Kiribati,Kiribati,East Asia & Pacific,Lower middle income,IDA,,Lower middle income,Kiribati,No data,-1.7,<0,KIR,KIR_2016,KIR_2020,-2.28136882129278,-1.05105105105105
Saint Kitts and Nevis,St. Kitts and Nevis,Latin America & Caribbean,High income,IBRD,,High income,Saint Kitts and Nevis,Mixed data,-19.9,<0,KNA,KNA_2016,KNA_2020,-26.027397260274,-14.5833333333333
Republic of Korea,"Korea, Rep.",East Asia & Pacific,High income,,,High income,Republic of Korea,Full or partial data,1,0 to <5,KOR,KOR_2016,KOR_2020,0.0817060217338018,1.9340705796447
Kuwait,Kuwait,Middle East & North Africa,High income,,,High income,Kuwait,Full or partial data,23.5,20 to <30,KWT,KWT_2016,KWT_2020,36.3178959405375,11.3831615120275
Lao People's Democratic Republic,Lao PDR,East Asia & Pacific,Lower middle income,IDA,,Lower middle income,Lao People's Democratic Republic,No data,2,0 to <5,LAO,LAO_2016,LAO_2020,-0.627925562278799,4.61367300138501
Lebanon,Lebanon,Middle East & North Africa,Lower middle income,IBRD,,Lower middle income,Lebanon,Full or partial data,23,20 to <30,LBN,LBN_2016,LBN_2020,8.61129333400616,36.9228889160455
Liberia,Liberia,Sub-Saharan Africa,Low income,IDA,HIPC,Low income,Liberia,No data,5.6,5 to <10,LBR,LBR_2016,LBR_2020,3.72901909985393,7.45991233423958
Libya,Libya,Middle East & North Africa,Upper middle income,IBRD,,Upper middle income,Libya,No data,13.5,10 to <20,LBY,LBY_2016,LBY_2020,6.47052700967977,20.3645249974544
Saint Lucia,St. Lucia,Latin America & Caribbean,Upper middle income,Blend,,Upper middle income,Saint Lucia,No data,11.6,10 to <20,LCA,LCA_2016,LCA_2020,-7.09718670076726,29.6479308214948
Sri Lanka,Sri Lanka,South Asia,Lower middle income,IBRD,,Lower middle income,Sri Lanka,Mixed data,-2.9,<0,LKA,LKA_2016,LKA_2020,-11.5883008765664,5.55740259062967
Lesotho,Lesotho,Sub-Saharan Africa,Lower middle income,IDA,,Lower middle income,Lesotho,No data,5.6,5 to <10,LSO,LSO_2016,LSO_2020,0.559503161192861,10.5711969133559
Lithuania,Lithuania,Europe & Central Asia,High income,,EMU,High income,Lithuania,Full or partial data,20.7,20 to <30,LTU,LTU_2016,LTU_2020,15.975123661336,25.4696132596685
Luxembourg,Luxembourg,Europe & Central Asia,High income,,EMU,High income,Luxembourg,Full or partial data,0.8,0 to <5,LUX,LUX_2016,LUX_2020,3.41266277503368,-1.79942944919903
Latvia,Latvia,Europe & Central Asia,High income,,EMU,High income,Latvia,Full or partial data,12.7,10 to <20,LVA,LVA_2016,LVA_2020,3.27177306849133,22.0794238139289
Morocco,Morocco,Middle East & North Africa,Lower middle income,IBRD,,Lower middle income,Morocco,No data,6.8,5 to <10,MAR,MAR_2016,MAR_2020,5.98077509072274,7.59921825112715
Monaco,Monaco,Europe & Central Asia,High income,,,High income,Monaco,Full or partial data,6,5 to <10,MCO,MCO_2016,MCO_2020,1.88323917137476,10.0185528756957
Republic of Moldova,Moldova,Europe & Central Asia,Upper middle income,IBRD,,Upper middle income,Republic of Moldova,Full or partial data,22.9,20 to <30,MDA,MDA_2016,MDA_2020,12.6402953060308,33.2951799567595
Madagascar,Madagascar,Sub-Saharan Africa,Low income,IDA,HIPC,Low income,Madagascar,No data,7.1,5 to <10,MDG,MDG_2016,MDG_2020,4.42675371394311,9.66810332994757
Maldives,Maldives,South Asia,Upper middle income,IDA,,Upper middle income,Maldives,Full or partial data,9,5 to <10,MDV,MDV_2016,MDV_2020,0.22140221402214,17.8885630498534
Mexico,Mexico,Latin America & Caribbean,Upper middle income,IBRD,,Upper middle income,Mexico,Full or partial data,41.3,40 to <50,MEX,MEX_2016,MEX_2020,41.8933533648724,40.6292610562596
Marshall Islands,Marshall Islands,East Asia & Pacific,Upper middle income,IDA,,Upper middle income,Marshall Islands,No data,-9.4,<0,MHL,MHL_2016,MHL_2020,-10,-8.57142857142857
North Macedonia,North Macedonia,Europe & Central Asia,Upper middle income,IBRD,,Upper middle income,North Macedonia,Full or partial data,30,30 to <40,MKD,MKD_2016,MKD_2020,22.4584430384721,37.5228608117047
Mali,Mali,Sub-Saharan Africa,Low income,IDA,HIPC,Low income,Mali,No data,8.9,5 to <10,MLI,MLI_2016,MLI_2020,8.08340140817676,9.64649451770777
Malta,Malta,Middle East & North Africa,High income,,EMU,High income,Malta,Full or partial data,6,5 to <10,MLT,MLT_2016,MLT_2020,6.77096691459349,5.35535535535536
Myanmar,Myanmar,East Asia & Pacific,Lower middle income,IDA,,Lower middle income,Myanmar,No data,5.9,5 to <10,MMR,MMR_2016,MMR_2020,0.19986159317478,11.7443331747199
Montenegro,Montenegro,Europe & Central Asia,Upper middle income,IBRD,,Upper middle income,Montenegro,Full or partial data,27.1,20 to <30,MNE,MNE_2016,MNE_2020,12.0303867403315,42.3929716915354
Mongolia,Mongolia,East Asia & Pacific,Lower middle income,IBRD,,Lower middle income,Mongolia,Full or partial data,0,0 to <5,MNG,MNG_2016,MNG_2020,-9.92464926522626,9.67441483761238
Mozambique,Mozambique,Sub-Saharan Africa,Low income,IDA,HIPC,Low income,Mozambique,No data,7.5,5 to <10,MOZ,MOZ_2016,MOZ_2020,2.00339975115224,12.9029671769988
Mauritania,Mauritania,Sub-Saharan Africa,Lower middle income,IDA,HIPC,Lower middle income,Mauritania,No data,13.1,10 to <20,MRT,MRT_2016,MRT_2020,11.3211827875671,14.8355152106231
Mauritius,Mauritius,Sub-Saharan Africa,Upper middle income,IBRD,,Upper middle income,Mauritius,Full or partial data,4,0 to <5,MUS,MUS_2016,MUS_2020,-4.01975813319707,11.6753364709768
Malawi,Malawi,Sub-Saharan Africa,Low income,IDA,HIPC,Low income,Malawi,No data,8,5 to <10,MWI,MWI_2016,MWI_2020,2.89243437982501,13.2591408931459
Malaysia,Malaysia,East Asia & Pacific,Upper middle income,IBRD,,Upper middle income,Malaysia,Full or partial data,1.9,0 to <5,MYS,MYS_2016,MYS_2020,-7.85559980219151,11.2634545110573
Namibia,Namibia,Sub-Saharan Africa,Upper middle income,IBRD,,Upper middle income,Namibia,No data,21.7,20 to <30,NAM,NAM_2016,NAM_2020,4.97139365661279,38.6235638657355
Niger,Niger,Sub-Saharan Africa,Low income,IDA,HIPC,Low income,Niger,No data,9.3,5 to <10,NER,NER_2016,NER_2020,8.64295939614784,9.91699902985879
Nigeria,Nigeria,Sub-Saharan Africa,Lower middle income,Blend,,Lower middle income,Nigeria,No data,5.7,5 to <10,NGA,NGA_2016,NGA_2020,3.67752529008095,7.65808635161564
Nicaragua,Nicaragua,Latin America & Caribbean,Lower middle income,IDA,HIPC,Lower middle income,Nicaragua,Full or partial data,18.1,10 to <20,NIC,NIC_2016,NIC_2020,27.7233411963951,8.66351271437019
Niue,,,,,,,Niue,No data,-13.7,<0,NIU,NIU_2016,NIU_2020,0,0
Netherlands,Netherlands,Europe & Central Asia,High income,,EMU,High income,Netherlands,Full or partial data,9.3,5 to <10,NLD,NLD_2016,NLD_2020,9.28495402726305,9.34112976363371
Norway,Norway,Europe & Central Asia,High income,,,High income,Norway,Full or partial data,-0.1,<0,NOR,NOR_2016,NOR_2020,-1.43504896049395,1.18643659904219
Nepal,Nepal,South Asia,Lower middle income,IDA,,Lower middle income,Nepal,No data,9.1,5 to <10,NPL,NPL_2016,NPL_2020,4.49340696494985,13.6880093261416
Nauru,Nauru,East Asia & Pacific,High income,IBRD,,High income,Nauru,No data,-1.1,<0,NRU,NRU_2016,NRU_2020,0,0
New Zealand,New Zealand,East Asia & Pacific,High income,,,High income,New Zealand,Full or partial data,-3.8,<0,NZL,NZL_2016,NZL_2020,-5.92662817087535,-1.72719844467612
Oman,Oman,Middle East & North Africa,High income,,,High income,Oman,Full or partial data,35.1,30 to <40,OMN,OMN_2016,OMN_2020,25.1773917298752,44.9421789409617
Pakistan,Pakistan,South Asia,Lower middle income,Blend,,Lower middle income,Pakistan,No data,7,5 to <10,PAK,PAK_2016,PAK_2020,5.66863715280408,8.23816212143642
Panama,Panama,Latin America & Caribbean,High income,IBRD,,High income,Panama,Full or partial data,18.1,10 to <20,PAN,PAN_2016,PAN_2020,14.3548232589328,21.6954694068192
Peru,Peru,Latin America & Caribbean,Upper middle income,IBRD,,Upper middle income,Peru,Full or partial data,97.1,>=50,PER,PER_2016,PER_2020,91.0981612215861,102.814244059478
Philippines,Philippines,East Asia & Pacific,Lower middle income,IBRD,,Lower middle income,Philippines,Full or partial data,11.8,10 to <20,PHL,PHL_2016,PHL_2020,-5.23998773142257,28.222130958701
Palau,Palau,East Asia & Pacific,Upper middle income,IBRD,,Upper middle income,Palau,No data,-9.9,<0,PLW,PLW_2016,PLW_2020,-9.80392156862745,-10.2941176470588
Papua New Guinea,Papua New Guinea,East Asia & Pacific,Lower middle income,Blend,,Lower middle income,Papua New Guinea,No data,0.6,0 to <5,PNG,PNG_2016,PNG_2020,-2.94788645178112,4.13969664766689
Poland,Poland,Europe & Central Asia,High income,IBRD,,High income,Poland,Full or partial data,18.7,10 to <20,POL,POL_2016,POL_2020,14.5216251011022,22.8916944212664
Democratic People's Republic of Korea,"Korea, Dem. People's Rep.",East Asia & Pacific,Low income,,,Low income,Democratic People's Republic of Korea,No data,-1.5,<0,PRK,PRK_2016,PRK_2020,-2.45871463132429,-0.64266574466246
Portugal,Portugal,Europe & Central Asia,High income,,EMU,High income,Portugal,Full or partial data,8.9,5 to <10,PRT,PRT_2016,PRT_2020,8.68920756040872,9.1953621873446
Paraguay,Paraguay,Latin America & Caribbean,Upper middle income,IBRD,,Upper middle income,Paraguay,Full or partial data,28.1,20 to <30,PRY,PRY_2016,PRY_2020,6.89586133912994,49.0157979217707
Qatar,Qatar,Middle East & North Africa,High income,,,High income,Qatar,Full or partial data,16,10 to <20,QAT,QAT_2016,QAT_2020,15.2308019570304,16.7857872166633
Romania,Romania,Europe & Central Asia,High income,IBRD,,High income,Romania,Full or partial data,20.4,20 to <30,ROU,ROU_2016,ROU_2020,13.3512127755354,27.4150570098695
Russian Federation,Russian Federation,Europe & Central Asia,Upper middle income,IBRD,,Upper middle income,Russian Federation,Full or partial data,30.5,30 to <40,RUS,RUS_2016,RUS_2020,20.8733048886015,40.3456547813761
Rwanda,Rwanda,Sub-Saharan Africa,Low income,IDA,HIPC,Low income,Rwanda,No data,4.1,0 to <5,RWA,RWA_2016,RWA_2020,-0.568628357449956,8.80195226111493
Saudi Arabia,Saudi Arabia,Middle East & North Africa,High income,,,High income,Saudi Arabia,No data,6,5 to <10,SAU,SAU_2016,SAU_2020,8.66197907734522,3.32000296729902
Sudan,Sudan,Sub-Saharan Africa,Low income,IDA,HIPC,Low income,Sudan,No data,7.8,5 to <10,SDN,SDN_2016,SDN_2020,5.85909506511479,9.72672855745901
Senegal,Senegal,Sub-Saharan Africa,Lower middle income,IDA,HIPC,Lower middle income,Senegal,No data,9.5,5 to <10,SEN,SEN_2016,SEN_2020,5.60095236994487,13.483977657766
Singapore,Singapore,East Asia & Pacific,High income,,,High income,Singapore,Full or partial data,2.6,0 to <5,SGP,SGP_2016,SGP_2020,-0.108100317094263,5.20462787083405
Solomon Islands,Solomon Islands,East Asia & Pacific,Lower middle income,IDA,,Lower middle income,Solomon Islands,No data,-0.6,<0,SLB,SLB_2016,SLB_2020,-1.41654691028536,0.180650341228422
Sierra Leone,Sierra Leone,Sub-Saharan Africa,Low income,IDA,HIPC,Low income,Sierra Leone,No data,6.1,5 to <10,SLE,SLE_2016,SLE_2020,5.44044219816463,6.74171337569673
El Salvador,El Salvador,Latin America & Caribbean,Lower middle income,IBRD,,Lower middle income,El Salvador,Full or partial data,20.1,20 to <30,SLV,SLV_2016,SLV_2020,17.6923983500295,22.4037805938918
San Marino,San Marino,Europe & Central Asia,High income,,,High income,San Marino,Full or partial data,28.1,20 to <30,SMR,SMR_2016,SMR_2020,37.3333333333333,19.6078431372549
Somalia,Somalia,Sub-Saharan Africa,Low income,IDA,HIPC,Low income,Somalia,No data,10.5,10 to <20,SOM,SOM_2016,SOM_2020,7.63904902117294,13.3865000801658
Serbia,Serbia,Europe & Central Asia,Upper middle income,IBRD,,Upper middle income,Serbia,Full or partial data,24,20 to <30,SRB,SRB_2016,SRB_2020,14.7905702793258,33.1007425124971
South Sudan,South Sudan,Sub-Saharan Africa,Low income,IDA,,Low income,South Sudan,No data,5.1,5 to <10,SSD,SSD_2016,SSD_2020,3.09608147000221,7.09985282968381
Sao Tome and Principe,São Tomé and Príncipe,Sub-Saharan Africa,Lower middle income,IDA,HIPC,Lower middle income,Sao Tome and Principe,No data,9.6,5 to <10,STP,STP_2016,STP_2020,7.1285140562249,11.9238476953908
Suriname,Suriname,Latin America & Caribbean,Upper middle income,IBRD,,Upper middle income,Suriname,Full or partial data,7.4,5 to <10,SUR,SUR_2016,SUR_2020,-5.99455040871935,20.0554345674124
Slovakia,Slovak Republic,Europe & Central Asia,High income,,EMU,High income,Slovakia,Full or partial data,22.6,20 to <30,SVK,SVK_2016,SVK_2020,10.1620495265028,35.0376219228983
Slovenia,Slovenia,Europe & Central Asia,High income,,EMU,High income,Slovenia,Full or partial data,13.3,10 to <20,SVN,SVN_2016,SVN_2020,16.0095693779904,10.6699751861042
Sweden,Sweden,Europe & Central Asia,High income,,,High income,Sweden,Full or partial data,7.6,5 to <10,SWE,SWE_2016,SWE_2020,9.08993701949295,2.92756614150612
Eswatini,Eswatini,Sub-Saharan Africa,Lower middle income,IBRD,,Lower middle income,Eswatini,No data,16.7,10 to <20,SWZ,SWZ_2016,SWZ_2020,7.92609221205319,25.6109395677106
Seychelles,Seychelles,Sub-Saharan Africa,High income,IBRD,,High income,Seychelles,Full or partial data,0.4,0 to <5,SYC,SYC_2016,SYC_2020,-20.4761904761905,20.9248554913295
Syrian Arab Republic,Syrian Arab Republic,Middle East & North Africa,Low income,IDA,,Low income,Syrian Arab Republic,No data,5.6,5 to <10,SYR,SYR_2016,SYR_2020,2.26517040731505,9.36145670264481
Chad,Chad,Sub-Saharan Africa,Low income,IDA,HIPC,Low income,Chad,No data,6.5,5 to <10,TCD,TCD_2016,TCD_2020,4.69371305749597,8.22919043719881
Togo,Togo,Sub-Saharan Africa,Low income,IDA,HIPC,Low income,Togo,Full or partial data,-6.4,<0,TGO,TGO_2016,TGO_2020,-9.5398285097903,-3.2631326810753
Thailand,Thailand,East Asia & Pacific,Upper middle income,IBRD,,Upper middle income,Thailand,Full or partial data,1.5,0 to <5,THA,THA_2016,THA_2020,-3.01849935692251,5.80168261560005
Tajikistan,Tajikistan,Europe & Central Asia,Lower middle income,IDA,,Lower middle income,Tajikistan,Full or partial data,13.1,10 to <20,TJK,TJK_2016,TJK_2020,27.122476339116,-1.10317060895823
Turkmenistan,Turkmenistan,Europe & Central Asia,Upper middle income,IBRD,,Upper middle income,Turkmenistan,No data,0.9,0 to <5,TKM,TKM_2016,TKM_2020,2.10981804499153,-0.357095622272186
Timor-Leste,Timor-Leste,East Asia & Pacific,Lower middle income,Blend,,Lower middle income,Timor-Leste,No data,4.4,0 to <5,TLS,TLS_2016,TLS_2020,0.571131879543095,8.15182779263788
Tonga,Tonga,East Asia & Pacific,Upper middle income,IDA,,Upper middle income,Tonga,No data,-2.9,<0,TON,TON_2016,TON_2020,-3.65079365079365,-2.22222222222222
Trinidad and Tobago,Trinidad and Tobago,Latin America & Caribbean,High income,IBRD,,High income,Trinidad and Tobago,No data,10.9,10 to <20,TTO,TTO_2016,TTO_2020,0.981438020055473,20.8395963066352
Tunisia,Tunisia,Middle East & North Africa,Lower middle income,IBRD,,Lower middle income,Tunisia,Full or partial data,16.4,10 to <20,TUN,TUN_2016,TUN_2020,4.37188864477014,28.0771789753826
Turkey,Türkiye,Europe & Central Asia,Upper middle income,IBRD,,Upper middle income,Turkey,Mixed data,29.8,20 to <30,TUR,TUR_2016,TUR_2020,28.8151436186099,30.8699591393702
Tuvalu,Tuvalu,East Asia & Pacific,Upper middle income,IDA,,Upper middle income,Tuvalu,No data,-5.2,<0,TUV,TUV_2016,TUV_2020,-5.55555555555556,-3.7037037037037
United Republic of Tanzania,Tanzania,Sub-Saharan Africa,Lower middle income,IDA,HIPC,Lower middle income,United Republic of Tanzania,No data,6.2,5 to <10,TZA,TZA_2016,TZA_2020,4.59188764437349,7.90588676415448
Uganda,Uganda,Sub-Saharan Africa,Low income,IDA,HIPC,Low income,Uganda,No data,4.5,0 to <5,UGA,UGA_2016,UGA_2020,1.24540511985208,7.81370080826819
Ukraine,Ukraine,Europe & Central Asia,Lower middle income,IBRD,,Lower middle income,Ukraine,Full or partial data,17,10 to <20,UKR,UKR_2016,UKR_2020,7.74871005702906,26.4623193524039
Uruguay,Uruguay,Latin America & Caribbean,High income,IBRD,,High income,Uruguay,Full or partial data,4.4,0 to <5,URY,URY_2016,URY_2020,-6.43848182547873,15.190807206696
United States of America,United States,North America,High income,,,High income,United States of America,Full or partial data,15.1,10 to <20,USA,USA_2016,USA_2020,15.3232609988892,14.9734457631115
Uzbekistan,Uzbekistan,Europe & Central Asia,Lower middle income,Blend,,Lower middle income,Uzbekistan,Full or partial data,13.2,10 to <20,UZB,UZB_2016,UZB_2020,13.3661045946168,12.9681744208591
Saint Vincent and the Grenadines,St. Vincent and the Grenadines,Latin America & Caribbean,Upper middle income,Blend,,Upper middle income,Saint Vincent and the Grenadines,Mixed data,26.2,20 to <30,VCT,VCT_2016,VCT_2020,11.2646121147715,41.0201912858661
Venezuela (Bolivarian Republic of),"Venezuela, RB",Latin America & Caribbean,,IBRD,,,Venezuela (Bolivarian Republic of),No data,6.1,5 to <10,VEN,VEN_2016,VEN_2020,2.00397273012397,10.0099649619081
Viet Nam,Vietnam,East Asia & Pacific,Lower middle income,IBRD,,Lower middle income,Viet Nam,Mixed data,-0.4,<0,VNM,VNM_2016,VNM_2020,-7.95655475402723,7.02392044724329
Vanuatu,Vanuatu,East Asia & Pacific,Lower middle income,IDA,,Lower middle income,Vanuatu,No data,-1.7,<0,VUT,VUT_2016,VUT_2020,-3.35144927536232,-0.177069499778663
Samoa,Samoa,East Asia & Pacific,Lower middle income,IDA,,Lower middle income,Samoa,No data,-3.7,<0,WSM,WSM_2016,WSM_2020,-4.73815461346633,-2.7363184079602
Yemen,"Yemen, Rep.",Middle East & North Africa,Low income,IDA,,Low income,Yemen,No data,9.3,5 to <10,YEM,YEM_2016,YEM_2020,8.058571180876,10.5617071363181
South Africa,South Africa,Sub-Saharan Africa,Upper middle income,IBRD,,Upper middle income,South Africa,Full or partial data,22.7,20 to <30,ZAF,ZAF_2016,ZAF_2020,10.3185020238307,35.0107633934424
Zambia,Zambia,Sub-Saharan Africa,Low income,IDA,HIPC,Low income,Zambia,No data,9.7,5 to <10,ZMB,ZMB_2016,ZMB_2020,4.36183803832681,15.0354084321476
Zimbabwe,Zimbabwe,Sub-Saharan Africa,Lower middle income,Blend,,Lower middle income,Zimbabwe,No data,8.1,5 to <10,ZWE,ZWE_2016,ZWE_2020,1.27238535592285,14.9982514425599
